time,axes[0],axes[1],axes[2],axes[3],axes[4],axes[5],buttons[0],buttons[1],buttons[2],buttons[3],buttons[4],buttons[5],buttons[6],buttons[7],buttons[8],buttons[9],buttons[10],buttons[11],buttons[12]
0.145367,0,0,0,0,0,0,0,0,0,0,0,0,0,0,0,0,0,0,0
0.164817,0,0,0,0,0,0,0,0,0,0,0,0,0,0,0,0,0,0,0
0.184907,0,0,0,0,0,0,0,0,0,0,0,0,0,0,0,0,0,0,0
0.204814,0,0,0,0,0,0,0,0,0,0,0,0,0,0,0,0,0,0,0
0.224871,0,0,0,0,0,0,0,0,0,0,0,0,0,0,0,0,0,0,0
0.244827,0,0,0,0,0,0,0,0,0,0,0,0,0,0,0,0,0,0,0
0.265605,0,0,0,0,0,0,0,0,0,0,0,0,0,0,0,0,0,0,0
0.285731,0,0,0,0,0,0,0,0,0,0,0,0,0,0,0,0,0,0,0
0.305629,0,0,0,0,0,0,0,0,0,0,0,0,0,0,0,0,0,0,0
0.325606,0,0,0,0,0,0,0,0,0,0,0,0,0,0,0,0,0,0,0
0.345641,0,0,0,0,0,0,0,0,0,0,0,0,0,0,0,0,0,0,0
0.365546,0,0,0,0,0,0,0,0,0,0,0,0,0,0,0,0,0,0,0
0.385628,0,0,0,0,0,0,0,0,0,0,0,0,0,0,0,0,0,0,0
0.405612,0,0,0,0,0,0,0,0,0,0,0,0,0,0,0,0,0,0,0
0.425459,0,0,0,0,0,0,0,0,0,0,0,0,0,0,0,0,0,0,0
0.445506,0,0,0,0,0,0,0,0,0,0,0,0,0,0,0,0,0,0,0
0.465375,0,0,0,0,0,0,0,0,0,0,0,0,0,0,0,0,0,0,0
0.485303,0,0,0,0,0,0,0,0,0,0,0,0,0,0,0,0,0,0,0
0.505314,0,0,0,0,0,0,0,0,0,0,0,0,0,0,0,0,0,0,0
0.525389,0,0,0,0,0,0,0,0,0,0,0,0,0,0,0,0,0,0,0
0.545379,0,0,0,0,0,0,0,0,0,0,0,0,0,0,0,0,0,0,0
0.565402,0,0,0,0,0,0,0,0,0,0,0,0,0,0,0,0,0,0,0
0.585494,0,0,0,0,0,0,0,0,0,0,0,0,0,0,0,0,0,0,0
0.605215,0,0,0,0,0,0,0,0,0,0,0,0,0,0,0,0,0,0,0
0.62519,0,0,0,0,0,0,0,0,0,0,0,0,0,0,0,0,0,0,0
0.644954,0,0,0,0,0,0,0,0,0,0,0,0,0,0,0,0,0,0,0
0.666032,0,0,0,0,0,0,0,0,0,0,0,0,0,0,0,0,0,0,0
0.686007,0,0,0,0,0,0,0,0,0,0,0,0,0,0,0,0,0,0,0
0.706148,0,0,0,0,0,0,0,0,0,0,0,0,0,0,0,0,0,0,0
0.726105,0,0,0,0,0,0,0,0,0,0,0,0,0,0,0,0,0,0,0
0.745804,0,0,0,0,0,0,0,0,0,0,0,0,0,0,0,0,0,0,0
0.765837,0,0,0,0,0,0,0,0,0,0,0,0,0,0,0,0,0,0,0
0.786019,0,0,0,0,0,0,0,0,0,0,0,0,0,0,0,0,0,0,0
0.805949,0,0,0,0,0,0,0,0,0,0,0,0,0,0,0,0,0,0,0
0.826178,0,0,0,0,0,0,0,0,0,0,0,0,0,0,0,0,0,0,0
0.845893,0,0,0,0,0,0,0,0,0,0,0,0,0,0,0,0,0,0,0
0.865848,0,0,0,0,0,0,0,0,0,0,0,0,0,0,0,0,0,0,0
0.885968,0,0,0,0,0,0,0,0,0,0,0,0,0,0,0,0,0,0,0
0.905716,0,0,0,0,0,0,0,0,0,0,0,0,0,0,0,0,0,0,0
0.925766,0,0,0,0,0,0,0,0,0,0,0,0,0,0,0,0,0,0,0
0.945794,0,0,0,0,0,0,0,0,0,0,0,0,0,0,0,0,0,0,0
0.965564,0,0,0,0,0,0,0,0,0,0,0,0,0,0,0,0,0,0,0
0.985744,0,0,0,0,0,0,0,0,0,0,0,0,0,0,0,0,0,0,0
1.04059,0,0,0,0,0,0,0,0,0,1,0,0,0,0,0,0,0,0,0
1.05943,0,0,0,0,0,0,0,0,0,1,0,0,0,0,0,0,0,0,0
1.07749,0,0,0,0,0,0,0,0,0,1,0,0,0,0,0,0,0,0,0
1.09542,0,0,0,0,0,0,0,0,0,1,0,0,0,0,0,0,0,0,0
1.11344,0,0,0,0,0,0,0,0,0,1,0,0,0,0,0,0,0,0,0
1.1323,0,0,0,0,0,0,0,0,0,1,0,0,0,0,0,0,0,0,0
1.15041,0,0,0,0,0,0,0,0,0,1,0,0,0,0,0,0,0,0,0
1.16929,0,0,0,0,0,0,0,0,0,1,0,0,0,0,0,0,0,0,0
1.1879,0,0,0,0,0,0,0,0,0,1,0,0,0,0,0,0,0,0,0
1.20673,0,0,0,0,0,0,0,0,0,1,0,0,0,0,0,0,0,0,0
1.22431,0,0,0,0,0,0,0,0,0,1,0,0,0,0,0,0,0,0,0
1.24312,0,0,0,0,0,0,0,0,0,1,0,0,0,0,0,0,0,0,0
1.26115,0,0,0,0,0,0,0,0,0,1,0,0,0,0,0,0,0,0,0
1.2792,0,0,0,0,0,0,0,0,0,1,0,0,0,0,0,0,0,0,0
1.29827,0,0,0,0,0,0,0,0,0,1,0,0,0,0,0,0,0,0,0
1.31629,0,0,0,0,0,0,0,0,0,1,0,0,0,0,0,0,0,0,0
1.33553,0,0,0,0,0,0,0,0,0,1,0,0,0,0,0,0,0,0,0
1.35317,0,0,0,0,0,0,0,0,0,1,0,0,0,0,0,0,0,0,0
1.37207,0,0,0,0,0,0,0,0,0,1,0,0,0,0,0,0,0,0,0
1.39002,0,0,0,0,0,0,0,0,0,1,0,0,0,0,0,0,0,0,0
1.40797,0,0,0,0,0,0,0,0,0,1,0,0,0,0,0,0,0,0,0
1.42685,0,0,0,0,0,0,0,0,0,1,0,0,0,0,0,0,0,0,0
1.44487,0,0,0,0,0,0,0,0,0,1,0,0,0,0,0,0,0,0,0
1.46383,0,0,0,0,0,0,0,0,0,1,0,0,0,0,0,0,0,0,0
1.48185,0,0,0,0,0,0,0,0,0,1,0,0,0,0,0,0,0,0,0
1.50085,0,0,0,0,0,0,0,0,0,1,0,0,0,0,0,0,0,0,0
1.51894,0,0,0,0,0,0,0,0,0,1,0,0,0,0,0,0,0,0,0
1.53795,0,0,0,0,0,0,0,0,0,1,0,0,0,0,0,0,0,0,0
1.5559,0,0,0,0,0,0,0,0,0,1,0,0,0,0,0,0,0,0,0
1.57383,0,0,0,0,0,0,0,0,0,1,0,0,0,0,0,0,0,0,0
1.59282,0,0,0,0,0,0,0,0,0,1,0,0,0,0,0,0,0,0,0
1.61084,0,0,0,0,0,0,0,0,0,1,0,0,0,0,0,0,0,0,0
1.62984,0,0,0,0,0,0,0,0,0,1,0,0,0,0,0,0,0,0,0
1.64768,0,0,0,0,0,0,0,0,0,1,0,0,0,0,0,0,0,0,0
1.66655,0,0,0,0,0,0,0,0,0,1,0,0,0,0,0,0,0,0,0
1.68473,0,0,0,0,0,0,0,0,0,1,0,0,0,0,0,0,0,0,0
1.70352,0,0,0,0,0,0,0,0,0,1,0,0,0,0,0,0,0,0,0
1.7215,0,0,0,0,0,0,0,0,0,1,0,0,0,0,0,0,0,0,0
1.74045,0,0,0,0,0,0,0,0,0,1,0,0,0,0,0,0,0,0,0
1.75846,0,0,0,0,0,0,0,0,0,1,0,0,0,0,0,0,0,0,0
1.77754,0,0,0,0,0,0,0,0,0,1,0,0,0,0,0,0,0,0,0
1.79539,0,0,0,0,0,0,0,0,0,1,0,0,0,0,0,0,0,0,0
1.81341,0,0,0,0,0,0,0,0,0,1,0,0,0,0,0,0,0,0,0
1.83126,0,0,0,0,0,0,0,0,0,1,0,0,0,0,0,0,0,0,0
1.85035,0,0,0,0,0,0,0,0,0,1,0,0,0,0,0,0,0,0,0
1.86918,0,0,0,0,0,0,0,0,0,1,0,0,0,0,0,0,0,0,0
1.88732,0,0,0,0,0,0,0,0,0,1,0,0,0,0,0,0,0,0,0
1.9053,0,0,0,0,0,0,0,0,0,1,0,0,0,0,0,0,0,0,0
1.92407,0,0,0,0,0,0,0,0,0,1,0,0,0,0,0,0,0,0,0
1.9423,0,0,0,0,0,0,0,0,0,1,0,0,0,0,0,0,0,0,0
1.96116,0,0,0,0,0,0,0,0,0,1,0,0,0,0,0,0,0,0,0
1.97918,0,0,0,0,0,0,0,0,0,1,0,0,0,0,0,0,0,0,0
1.99716,0,0,0,0,0,0,0,0,0,1,0,0,0,0,0,0,0,0,0
2.01606,0,0,0,0,0,0,0,0,0,1,0,0,0,0,0,0,0,0,0
2.03417,0,0,0,0,0,0,0,0,0,1,0,0,0,0,0,0,0,0,0
2.05298,0,0,0,0,0,0,0,0,0,1,0,0,0,0,0,0,0,0,0
2.07104,0,0,0,0,0,0,0,0,0,1,0,0,0,0,0,0,0,0,0
2.08989,0,0,0,0,0,0,0,0,0,1,0,0,0,0,0,0,0,0,0
2.108,0,0,0,0,0,0,0,0,0,1,0,0,0,0,0,0,0,0,0
2.12696,0,0,0,0,0,0,0,0,0,1,0,0,0,0,0,0,0,0,0
2.14488,0,0,0,0,0,0,0,0,0,1,0,0,0,0,0,0,0,0,0
2.16376,0,0,0,0,0,0,0,0,0,1,0,0,0,0,0,0,0,0,0
2.18177,0,0,0,0,0,0,0,0,0,1,0,0,0,0,0,0,0,0,0
2.19999,0,0,0,0,0,0,0,0,0,1,0,0,0,0,0,0,0,0,0
2.21897,0,0,0,0,0,0,0,0,0,1,0,0,0,0,0,0,0,0,0
2.23732,0,0,0,0,0,0,0,0,0,1,0,0,0,0,0,0,0,0,0
2.25602,0,0,0,0,0,0,0,0,0,1,0,0,0,0,0,0,0,0,0
2.27419,0,0,0,0,0,0,0,0,0,1,0,0,0,0,0,0,0,0,0
2.29296,0,0,0,0,0,0,0,0,0,1,0,0,0,0,0,0,0,0,0
2.311,0,0,0,0,0,0,0,0,0,1,0,0,0,0,0,0,0,0,0
2.32894,0,0,0,0,0,0,0,0,0,1,0,0,0,0,0,0,0,0,0
2.348,0,0,0,0,0,0,0,0,0,1,0,0,0,0,0,0,0,0,0
2.36677,0,0,0,0,0,0,0,0,0,1,0,0,0,0,0,0,0,0,0
2.38483,0,0,0,0,0,0,0,0,0,1,0,0,0,0,0,0,0,0,0
2.40296,0,0,0,0,0,0,0,0,0,1,0,0,0,0,0,0,0,0,0
2.42184,0,0,0,0,0,0,0,0,0,1,0,0,0,0,0,0,0,0,0
2.4398,0,0,0,0,0,0,0,0,0,1,0,0,0,0,0,0,0,0,0
2.45877,0,0,0,0,0,0,0,0,0,1,0,0,0,0,0,0,0,0,0
2.47687,0,0,0,0,0,0,0,0,0,1,0,0,0,0,0,0,0,0,0
2.4958,0,0,0,0,0,0,0,0,0,1,0,0,0,0,0,0,0,0,0
2.51385,0,0,0,0,0,0,0,0,0,1,0,0,0,0,0,0,0,0,0
2.53215,0,0,0,0,0,0,0,0,0,1,0,0,0,0,0,0,0,0,0
2.55099,0,0,0,0,0,0,0,0,0,1,0,0,0,0,0,0,0,0,0
2.5688,0,0,0,0,0,0,0,0,0,1,0,0,0,0,0,0,0,0,0
2.5878,0,0,0,0,0,0,0,0,0,1,0,0,0,0,0,0,0,0,0
2.60584,0,0,0,0,0,0,0,0,0,1,0,0,0,0,0,0,0,0,0
2.62368,0,0,0,0,0,0,0,0,0,1,0,0,0,0,0,0,0,0,0
2.6426,0,0,0,0,0,0,0,0,0,1,0,0,0,0,0,0,0,0,0
2.66085,0,0,0,0,0,0,0,0,0,1,0,0,0,0,0,0,0,0,0
2.67964,0,0,0,0,0,0,0,0,0,1,0,0,0,0,0,0,0,0,0
2.69754,0,0,0,0,0,0,0,0,0,1,0,0,0,0,0,0,0,0,0
2.71553,0,0,0,0,0,0,0,0,0,1,0,0,0,0,0,0,0,0,0
2.73457,0,0,0,0,0,0,0,0,0,1,0,0,0,0,0,0,0,0,0
2.75277,0,0,0,0,0,0,0,0,0,1,0,0,0,0,0,0,0,0,0
2.77178,0,0,0,0,0,0,0,0,0,1,0,0,0,0,0,0,0,0,0
2.78956,0,0,0,0,0,0,0,0,0,1,0,0,0,0,0,0,0,0,0
2.80879,0,0,0,0,0,0,0,0,0,1,0,0,0,0,0,0,0,0,0
2.82648,0,0,0,0,0,0,0,0,0,1,0,0,0,0,0,0,0,0,0
2.84531,0,0,0,0,0,0,0,0,0,1,0,0,0,0,0,0,0,0,0
2.86339,0,0,0,0,0,0,0,0,0,1,0,0,0,0,0,0,0,0,0
2.88217,0,0,0,0,0,0,0,0,0,1,0,0,0,0,0,0,0,0,0
2.90027,0,0,0,0,0,0,0,0,0,1,0,0,0,0,0,0,0,0,0
2.91829,0,0,0,0,0,0,0,0,0,1,0,0,0,0,0,0,0,0,0
2.93726,0,0,0,0,0,0,0,0,0,1,0,0,0,0,0,0,0,0,0
2.95526,0,0,0,0,0,0,0,0,0,1,0,0,0,0,0,0,0,0,0
2.97428,0,0,0,0,0,0,0,0,0,1,0,0,0,0,0,0,0,0,0
2.99201,0,0,0,0,0,0,0,0,0,1,0,0,0,0,0,0,0,0,0
3.01068,0,0,0,0,0,0,0,0,0,1,0,0,0,0,0,0,0,0,0
3.02868,0,0,0,0,0,0,0,0,0,1,0,0,0,0,0,0,0,0,0
3.04773,0,0,0,0,0,0,0,0,0,1,0,0,0,0,0,0,0,0,0
3.06607,0,0,0,0,0,0,0,0,0,1,0,0,0,0,0,0,0,0,0
3.08497,0,0,0,0,0,0,0,0,0,1,0,0,0,0,0,0,0,0,0
3.1031,0,0,0,0,0,0,0,0,0,1,0,0,0,0,0,0,0,0,0
3.12102,0,0,0,0,0,0,0,0,0,1,0,0,0,0,0,0,0,0,0
3.13989,0,0,0,0,0,0,0,0,0,1,0,0,0,0,0,0,0,0,0
3.15816,0,0,0,0,0,0,0,0,0,1,0,0,0,0,0,0,0,0,0
3.1769,0,0,0,0,0,0,0,0,0,1,0,0,0,0,0,0,0,0,0
3.19496,0,0,0,0,0,0,0,0,0,1,0,0,0,0,0,0,0,0,0
3.21372,0,0,0,0,0,0,0,0,0,1,0,0,0,0,0,0,0,0,0
3.23177,0,0,0,0,0,0,0,0,0,1,0,0,0,0,0,0,0,0,0
3.24982,0,0,0,0,0,0,0,0,0,1,0,0,0,0,0,0,0,0,0
3.26888,0,0,0,0,0,0,0,0,0,1,0,0,0,0,0,0,0,0,0
3.28685,0,0,0,0,0,0,0,0,0,1,0,0,0,0,0,0,0,0,0
3.30571,0,0,0,0,0,0,0,0,0,1,0,0,0,0,0,0,0,0,0
3.32369,0,0,0,0,0,0,0,0,0,1,0,0,0,0,0,0,0,0,0
3.3425,0,0,0,0,0,0,0,0,0,1,0,0,0,0,0,0,0,0,0
3.36091,0,0,0,0,0,0,0,0,0,1,0,0,0,0,0,0,0,0,0
3.37967,0,0,0,0,0,0,0,0,0,1,0,0,0,0,0,0,0,0,0
3.39761,0,0,0,0,0,0,0,0,0,1,0,0,0,0,0,0,0,0,0
3.41552,0,0,0,0,0,0,0,0,0,1,0,0,0,0,0,0,0,0,0
3.43432,0,0,0,0,0,0,0,0,0,1,0,0,0,0,0,0,0,0,0
3.4528,0,0,0,0,0,0,0,0,0,1,0,0,0,0,0,0,0,0,0
3.47151,0,0,0,0,0,0,0,0,0,1,0,0,0,0,0,0,0,0,0
3.48973,0,0,0,0,0,0,0,0,0,1,0,0,0,0,0,0,0,0,0
3.50756,0,0,0,0,0,0,0,0,0,1,0,0,0,0,0,0,0,0,0
3.52641,0,0,0,0,0,0,0,0,0,1,0,0,0,0,0,0,0,0,0
3.54522,0,0,0,0,0,0,0,0,0,1,0,0,0,0,0,0,0,0,0
3.56338,0,0,0,0,0,0,0,0,0,1,0,0,0,0,0,0,0,0,0
3.58131,0,0,0,0,0,0,0,0,0,1,0,0,0,0,0,0,0,0,0
3.60008,0,0,0,0,0,0,0,0,0,1,0,0,0,0,0,0,0,0,0
3.61847,0,0,0,0,0,0,0,0,0,1,0,0,0,0,0,0,0,0,0
3.63712,0,0,0,0,0,0,0,0,0,1,0,0,0,0,0,0,0,0,0
3.65544,0,0,0,0,0,0,0,0,0,1,0,0,0,0,0,0,0,0,0
3.67401,0,0,0,0,0,0,0,0,0,1,0,0,0,0,0,0,0,0,0
3.69215,0,0,0,0,0,0,0,0,0,1,0,0,0,0,0,0,0,0,0
3.71098,0,0,0,0,0,0,0,0,0,1,0,0,0,0,0,0,0,0,0
3.72916,0,0,0,0,0,0,0,0,0,1,0,0,0,0,0,0,0,0,0
3.74708,0,0,0,0,0,0,0,0,0,1,0,0,0,0,0,0,0,0,0
3.76613,0,0,0,0,0,0,0,0,0,1,0,0,0,0,0,0,0,0,0
3.78431,0,0,0,0,0,0,0,0,0,1,0,0,0,0,0,0,0,0,0
3.80276,0,0,0,0,0,0,0,0,0,1,0,0,0,0,0,0,0,0,0
3.82095,0,0,0,0,0,0,0,0,0,1,0,0,0,0,0,0,0,0,0
3.83898,0,0,0,0,0,0,0,0,0,1,0,0,0,0,0,0,0,0,0
3.85787,0,0,0,0,0,0,0,0,0,1,0,0,0,0,0,0,0,0,0
3.87676,0,0,0,0,0,0,0,0,0,1,0,0,0,0,0,0,0,0,0
3.89504,0,0,0,0,0,0,0,0,0,1,0,0,0,0,0,0,0,0,0
3.9129,0,0,0,0,0,0,0,0,0,1,0,0,0,0,0,0,0,0,0
3.93197,0,0,0,0,0,0,0,0,0,1,0,0,0,0,0,0,0,0,0
3.94969,0,0,0,0,0,0,0,0,0,1,0,0,0,0,0,0,0,0,0
3.96815,0,0,0,0,0,0,0,0,0,1,0,0,0,0,0,0,0,0,0
3.98611,0,0,0,0,0,0,0,0,0,1,0,0,0,0,0,0,0,0,0
4.00437,0,0,0,0,0,0,0,0,0,1,0,0,0,0,0,0,0,0,0
4.02326,0,0,0,0,0,0,0,0,0,1,0,0,0,0,0,0,0,0,0
4.04124,0,0,0,0,0,0,0,0,0,1,0,0,0,0,0,0,0,0,0
4.06029,0,0,0,0,0,0,0,0,0,1,0,0,0,0,0,0,0,0,0
4.07864,0,0,0,0,0,0,0,0,0,1,0,0,0,0,0,0,0,0,0
4.09749,0,0,0,0,0,0,0,0,0,1,0,0,0,0,0,0,0,0,0
4.11554,0,0,0,0,0,0,0,0,0,1,0,0,0,0,0,0,0,0,0
4.1335,0,0,0,0,0,0,0,0,0,1,0,0,0,0,0,0,0,0,0
4.15262,0,0,0,0,0,0,0,0,0,1,0,0,0,0,0,0,0,0,0
4.17044,0,0,0,0,0,0,0,0,0,1,0,0,0,0,0,0,0,0,0
4.18929,0,0,0,0,0,0,0,0,0,1,0,0,0,0,0,0,0,0,0
4.2073,0,0,0,0,0,0,0,0,0,1,0,0,0,0,0,0,0,0,0
4.22616,0,0,0,0,0,0,0,0,0,1,0,0,0,0,0,0,0,0,0
4.24443,0,0,0,0,0,0,0,0,0,1,0,0,0,0,0,0,0,0,0
4.26305,0,0,0,0,0,0,0,0,0,1,0,0,0,0,0,0,0,0,0
4.28123,0,0,0,0,0,0,0,0,0,1,0,0,0,0,0,0,0,0,0
4.29929,0,0,0,0,0,0,0,0,0,1,0,0,0,0,0,0,0,0,0
4.31803,0,0,0,0,0,0,0,0,0,1,0,0,0,0,0,0,0,0,0
4.33646,0,0,0,0,0,0,0,0,0,1,0,0,0,0,0,0,0,0,0
4.35526,0,0,0,0,0,0,0,0,0,1,0,0,0,0,0,0,0,0,0
4.37318,0,0,0,0,0,0,0,0,0,1,0,0,0,0,0,0,0,0,0
4.39115,0,0,0,0,0,0,0,0,0,1,0,0,0,0,0,0,0,0,0
4.41015,0,0,0,0,0,0,0,0,0,1,0,0,0,0,0,0,0,0,0
4.42903,0,0,0,0,0,0,0,0,0,1,0,0,0,0,0,0,0,0,0
4.44708,0,0,0,0,0,0,0,0,0,1,0,0,0,0,0,0,0,0,0
4.4653,0,0,0,0,0,0,0,0,0,1,0,0,0,0,0,0,0,0,0
4.48403,0,0,0,0,0,0,0,0,0,1,0,0,0,0,0,0,0,0,0
4.50284,0,0,0,0,0,0,0,0,0,1,0,0,0,0,0,0,0,0,0
4.52088,0,0,0,0,0,0,0,0,0,1,0,0,0,0,0,0,0,0,0
4.53902,0,0,0,0,0,0,0,0,0,1,0,0,0,0,0,0,0,0,0
4.55786,0,0,0,0,0,0,0,0,0,1,0,0,0,0,0,0,0,0,0
4.57596,0,0,0,0,0,0,0,0,0,1,0,0,0,0,0,0,0,0,0
4.5948,0,0,0,0,0,0,0,0,0,1,0,0,0,0,0,0,0,0,0
4.61313,0,0,0,0,0,0,0,0,0,1,0,0,0,0,0,0,0,0,0
4.63089,0,0,0,0,0,0,0,0,0,1,0,0,0,0,0,0,0,0,0
4.64962,0,0,0,0,0,0,0,0,0,1,0,0,0,0,0,0,0,0,0
4.66787,0,0,0,0,0,0,0,0,0,1,0,0,0,0,0,0,0,0,0
4.68678,0,0,0,0,0,0,0,0,0,1,0,0,0,0,0,0,0,0,0
4.70498,0,0,0,0,0,0,0,0,0,1,0,0,0,0,0,0,0,0,0
4.72285,0,0,0,0,0,0,0,0,0,1,0,0,0,0,0,0,0,0,0
4.74177,0,0,0,0,0,0,0,0,0,1,0,0,0,0,0,0,0,0,0
4.76061,0,0,0,0,0,0,0,0,0,1,0,0,0,0,0,0,0,0,0
4.77876,0,0,0,0,0,0,0,0,0,1,0,0,0,0,0,0,0,0,0
4.79666,0,0,0,0,0,0,0,0,0,1,0,0,0,0,0,0,0,0,0
4.81551,0,0,0,0,0,0,0,0,0,1,0,0,0,0,0,0,0,0,0
4.83355,0,0,0,0,0,0,0,0,0,1,0,0,0,0,0,0,0,0,0
4.85234,0,0,0,0,0,0,0,0,0,1,0,0,0,0,0,0,0,0,0
4.87054,0,0,0,0,0,0,0,0,0,1,0,0,0,0,0,0,0,0,0
4.88872,0,0,0,0,0,0,0,0,0,1,0,0,0,0,0,0,0,0,0
4.90739,0,0,0,0,0,0,0,0,0,1,0,0,0,0,0,0,0,0,0
4.9256,0,0,0,0,0,0,0,0,0,1,0,0,0,0,0,0,0,0,0
4.9444,0,0,0,0,0,0,0,0,0,1,0,0,0,0,0,0,0,0,0
4.96248,0,0,0,0,0,0,0,0,0,1,0,0,0,0,0,0,0,0,0
4.98157,0,0,0,0,0,0,0,0,0,1,0,0,0,0,0,0,0,0,0
4.99949,0,0,0,0,0,0,0,0,0,1,0,0,0,0,0,0,0,0,0
5.01737,0,0,0,0,0,0,0,0,0,1,0,0,0,0,0,0,0,0,0
5.03634,0,0,0,0,0,0,0,0,0,1,0,0,0,0,0,0,0,0,0
5.0544,0,0,0,0,0,0,0,0,0,1,0,0,0,0,0,0,0,0,0
5.07333,0,0,0,0,0,0,0,0,0,1,0,0,0,0,0,0,0,0,0
5.09146,0,0,0,0,0,0,0,0,0,1,0,0,0,0,0,0,0,0,0
5.10942,0,0,0,0,0,0,0,0,0,1,0,0,0,0,0,0,0,0,0
5.12822,0,0,0,0,0,0,0,0,0,1,0,0,0,0,0,0,0,0,0
5.14695,0,0,0,0,0,0,0,0,0,1,0,0,0,0,0,0,0,0,0
5.16498,0,0,0,0,0,0,0,0,0,1,0,0,0,0,0,0,0,0,0
5.1827,0,0,0,0,0,0,0,0,0,1,0,0,0,0,0,0,0,0,0
5.20149,0,0,0,0,0,0,0,0,0,1,0,0,0,0,0,0,0,0,0
5.21954,0,0,0,0,0,0,0,0,0,1,0,0,0,0,0,0,0,0,0
5.23866,0,0,0,0,0,0,0,0,0,1,0,0,0,0,0,0,0,0,0
5.25669,0,0,0,0,0,0,0,0,0,1,0,0,0,0,0,0,0,0,0
5.27564,0,0,0,0,0,0,0,0,0,1,0,0,0,0,0,0,0,0,0
5.29368,0,0,0,0,0,0,0,0,0,1,0,0,0,0,0,0,0,0,0
5.31242,0,0,0,0,0,0,0,0,0,1,0,0,0,0,0,0,0,0,0
5.3305,0,0,0,0,0,0,0,0,0,1,0,0,0,0,0,0,0,0,0
5.3494,0,0,0,0,0,0,0,0,0,1,0,0,0,0,0,0,0,0,0
5.36738,0,0,0,0,0,0,0,0,0,1,0,0,0,0,0,0,0,0,0
5.3864,0,0,0,0,0,0,0,0,0,1,0,0,0,0,0,0,0,0,0
5.40427,0,0,0,0,0,0,0,0,0,1,0,0,0,0,0,0,0,0,0
5.42245,0,0,0,0,0,0,0,0,0,1,0,0,0,0,0,0,0,0,0
5.44047,0,0,0,0,0,0,0,0,0,1,0,0,0,0,0,0,0,0,0
5.45974,0,0,0,0,0,0,0,0,0,1,0,0,0,0,0,0,0,0,0
5.47844,0,0,0,0,0,0,0,0,0,1,0,0,0,0,0,0,0,0,0
5.49625,0,0,0,0,0,0,0,0,0,1,0,0,0,0,0,0,0,0,0
5.51441,0,0,0,0,0,0,0,0,0,1,0,0,0,0,0,0,0,0,0
5.53316,0,0,0,0,0,0,0,0,0,1,0,0,0,0,0,0,0,0,0
5.55113,0,0,0,0,0,0,0,0,0,1,0,0,0,0,0,0,0,0,0
5.5702,0,0,0,0,0,0,0,0,0,1,0,0,0,0,0,0,0,0,0
5.58805,0,0,0,0,0,0,0,0,0,1,0,0,0,0,0,0,0,0,0
5.60617,0,0,0,0,0,0,0,0,0,1,0,0,0,0,0,0,0,0,0
5.62505,0,0,0,0,0,0,0,0,0,1,0,0,0,0,0,0,0,0,0
5.64318,0,0,0,0,0,0,0,0,0,1,0,0,0,0,0,0,0,0,0
5.66199,0,0,0,0,0,0,0,0,0,1,0,0,0,0,0,0,0,0,0
5.67991,0,0,0,0,0,0,0,0,0,1,0,0,0,0,0,0,0,0,0
5.69894,0,0,0,0,0,0,0,0,0,1,0,0,0,0,0,0,0,0,0
5.71694,0,0,0,0,0,0,0,0,0,1,0,0,0,0,0,0,0,0,0
5.73584,0,0,0,0,0,0,0,0,0,1,0,0,0,0,0,0,0,0,0
5.75385,0,0,0,0,0,0,0,0,0,1,0,0,0,0,0,0,0,0,0
5.77278,0,0,0,0,0,0,0,0,0,1,0,0,0,0,0,0,0,0,0
5.7909,0,0,0,0,0,0,0,0,0,1,0,0,0,0,0,0,0,0,0
5.80863,0,0,0,0,0,0,0,0,0,1,0,0,0,0,0,0,0,0,0
5.8277,0,0,0,0,0,0,0,0,0,1,0,0,0,0,0,0,0,0,0
5.84573,0,0,0,0,0,0,0,0,0,1,0,0,0,0,0,0,0,0,0
5.86472,0,0.0472441,0,0,0,0,0,0,0,1,0,0,0,0,0,0,0,0,0
5.88268,0,0.0629921,0,0,0,0,0,0,0,1,0,0,0,0,0,0,0,0,0
5.90157,0,0.0866142,0,0,0,0,0,0,0,1,0,0,0,0,0,0,0,0,0
5.91972,0,0.102362,0,0,0,0,0,0,0,1,0,0,0,0,0,0,0,0,0
5.93753,0,0.125984,0,0,0,0,0,0,0,1,0,0,0,0,0,0,0,0,0
5.95675,0,0.141732,0,0,0,0,0,0,0,1,0,0,0,0,0,0,0,0,0
5.97458,0,0.165354,0,0,0,0,0,0,0,1,0,0,0,0,0,0,0,0,0
5.99354,0,0.188976,0,0,0,0,0,0,0,1,0,0,0,0,0,0,0,0,0
6.01154,0,0.212598,0,0,0,0,0,0,0,1,0,0,0,0,0,0,0,0,0
6.03042,0,0.23622,0,0,0,0,0,0,0,1,0,0,0,0,0,0,0,0,0
6.04854,0,0.251969,0,0,0,0,0,0,0,1,0,0,0,0,0,0,0,0,0
6.06732,0,0.275591,0,0,0,0,0,0,0,1,0,0,0,0,0,0,0,0,0
6.08551,0,0.299213,0,0,0,0,0,0,0,1,0,0,0,0,0,0,0,0,0
6.10418,0,0.322835,0,0,0,0,0,0,0,1,0,0,0,0,0,0,0,0,0
6.12232,0,0.346457,0,0,0,0,0,0,0,1,0,0,0,0,0,0,0,0,0
6.14027,0,0.370079,0,0,0,0,0,0,0,1,0,0,0,0,0,0,0,0,0
6.15925,0,0.393701,0,0,0,0,0,0,0,1,0,0,0,0,0,0,0,0,0
6.17736,0,0.417323,0,0,0,0,0,0,0,1,0,0,0,0,0,0,0,0,0
6.19619,0,0.440945,0,0,0,0,0,0,0,1,0,0,0,0,0,0,0,0,0
6.21431,0,0.456693,0,0,0,0,0,0,0,1,0,0,0,0,0,0,0,0,0
6.2322,0,0.472441,0,0,0,0,0,0,0,1,0,0,0,0,0,0,0,0,0
6.25115,0,0.488189,0,0,0,0,0,0,0,1,0,0,0,0,0,0,0,0,0
6.26912,0,0.503937,0,0,0,0,0,0,0,1,0,0,0,0,0,0,0,0,0
6.28816,0,0.519685,0,0,0,0,0,0,0,1,0,0,0,0,0,0,0,0,0
6.30627,0,0.527559,0,0,0,0,0,0,0,1,0,0,0,0,0,0,0,0,0
6.32405,0,0.543307,0,0,0,0,0,0,0,1,0,0,0,0,0,0,0,0,0
6.34319,0,0.559055,0,0,0,0,0,0,0,1,0,0,0,0,0,0,0,0,0
6.36202,0,0.574803,0,0,0,0,0,0,0,1,0,0,0,0,0,0,0,0,0
6.38007,0,0.590551,0,0,0,0,0,0,0,1,0,0,0,0,0,0,0,0,0
6.39789,0,0.606299,0,0,0,0,0,0,0,1,0,0,0,0,0,0,0,0,0
6.41691,0,0.622047,0,0,0,0,0,0,0,1,0,0,0,0,0,0,0,0,0
6.43491,0,0.637795,0,0,0,0,0,0,0,1,0,0,0,0,0,0,0,0,0
6.45377,0,0.653543,0,0,0,0,0,0,0,1,0,0,0,0,0,0,0,0,0
6.47188,0,0.669291,0,0,0,0,0,0,0,1,0,0,0,0,0,0,0,0,0
6.49084,0,0.685039,0,0,0,0,0,0,0,1,0,0,0,0,0,0,0,0,0
6.5089,0,0.692913,0,0,0,0,0,0,0,1,0,0,0,0,0,0,0,0,0
6.52683,0,0.708661,0,0,0,0,0,0,0,1,0,0,0,0,0,0,0,0,0
6.54568,0,0.716535,0,0,0,0,0,0,0,1,0,0,0,0,0,0,0,0,0
6.56378,0,0.708661,0,0,0,0,0,0,0,1,0,0,0,0,0,0,0,0,0
6.58273,0,0.685039,0,0,0,0,0,0,0,1,0,0,0,0,0,0,0,0,0
6.60068,0,0.653543,0,0,0,0,0,0,0,1,0,0,0,0,0,0,0,0,0
6.6187,0,0.622047,0,0,0,0,0,0,0,1,0,0,0,0,0,0,0,0,0
6.6377,0,0.582677,0,0,0,0,0,0,0,1,0,0,0,0,0,0,0,0,0
6.65556,0,0.551181,0,0,0,0,0,0,0,1,0,0,0,0,0,0,0,0,0
6.67443,0,0.511811,0,0,0,0,0,0,0,1,0,0,0,0,0,0,0,0,0
6.69269,0,0.480315,0,0,0,0,0,0,0,1,0,0,0,0,0,0,0,0,0
6.71143,0,0.440945,0,0,0,0,0,0,0,1,0,0,0,0,0,0,0,0,0
6.72962,0,0.409449,0,0,0,0,0,0,0,1,0,0,0,0,0,0,0,0,0
6.74849,0,0.370079,0,0,0,0,0,0,0,1,0,0,0,0,0,0,0,0,0
6.76711,0,0.330709,0,0,0,0,0,0,0,1,0,0,0,0,0,0,0,0,0
6.78581,0,0.291339,0,0,0,0,0,0,0,1,0,0,0,0,0,0,0,0,0
6.80346,0,0.251969,0,0,0,0,0,0,0,1,0,0,0,0,0,0,0,0,0
6.82225,0,0.212598,0,0,0,0,0,0,0,1,0,0,0,0,0,0,0,0,0
6.8403,0,0.173228,0,0,0,0,0,0,0,1,0,0,0,0,0,0,0,0,0
6.85833,0,0.133858,0,0,0,0,0,0,0,1,0,0,0,0,0,0,0,0,0
6.87724,0,0.0944882,0,0,0,0,0,0,0,1,0,0,0,0,0,0,0,0,0
6.89612,0,0.0629921,0,0,0,0,0,0,0,1,0,0,0,0,0,0,0,0,0
6.91434,0,0,0,0,0,0,0,0,0,1,0,0,0,0,0,0,0,0,0
6.93212,0,0,0,0,0,0,0,0,0,1,0,0,0,0,0,0,0,0,0
6.95114,0,0,0,0,0,0,0,0,0,1,0,0,0,0,0,0,0,0,0
6.96919,0,0,0,0,0,0,0,0,0,1,0,0,0,0,0,0,0,0,0
6.98815,0,0,0,0,0,0,0,0,0,1,0,0,0,0,0,0,0,0,0
7.00608,0,0,0,0,0,0,0,0,0,1,0,0,0,0,0,0,0,0,0
7.0241,0,0,0,0,0,0,0,0,0,1,0,0,0,0,0,0,0,0,0
7.04297,0,0,0,0,0,0,0,0,0,1,0,0,0,0,0,0,0,0,0
7.061,0,0,0,0,0,0,0,0,0,1,0,0,0,0,0,0,0,0,0
7.08002,0,0,0,0,0,0,0,0,0,1,0,0,0,0,0,0,0,0,0
7.09787,0,0,0,0,0,0,0,0,0,1,0,0,0,0,0,0,0,0,0
7.11589,0,0,0,0,0,0,0,0,0,1,0,0,0,0,0,0,0,0,0
7.13491,0,0,0,0,0,0,0,0,0,1,0,0,0,0,0,0,0,0,0
7.15371,0,-0.0393701,0,0,0,0,0,0,0,1,0,0,0,0,0,0,0,0,0
7.17183,0,-0.0787402,0,0,0,0,0,0,0,1,0,0,0,0,0,0,0,0,0
7.1898,0,-0.11811,0,0,0,0,0,0,0,1,0,0,0,0,0,0,0,0,0
7.20776,0,-0.15748,0,0,0,0,0,0,0,1,0,0,0,0,0,0,0,0,0
7.22672,0,-0.204724,0,0,0,0,0,0,0,1,0,0,0,0,0,0,0,0,0
7.24571,0,-0.251969,0,0,0,0,0,0,0,1,0,0,0,0,0,0,0,0,0
7.26372,0,-0.299213,0,0,0,0,0,0,0,1,0,0,0,0,0,0,0,0,0
7.28157,0,-0.346457,0,0,0,0,0,0,0,1,0,0,0,0,0,0,0,0,0
7.30059,0,-0.393701,0,0,0,0,0,0,0,1,0,0,0,0,0,0,0,0,0
7.31953,0,-0.440945,0,0,0,0,0,0,0,1,0,0,0,0,0,0,0,0,0
7.33752,0,-0.480315,0,0,0,0,0,0,0,1,0,0,0,0,0,0,0,0,0
7.3555,0,-0.527559,0,0,0,0,0,0,0,1,0,0,0,0,0,0,0,0,0
7.37448,0,-0.574803,0,0,0,0,0,0,0,1,0,0,0,0,0,0,0,0,0
7.39334,0,-0.622047,0,0,0,0,0,0,0,1,0,0,0,0,0,0,0,0,0
7.41125,0,-0.669291,0,0,0,0,0,0,0,1,0,0,0,0,0,0,0,0,0
7.4295,0,-0.716535,0,0,0,0,0,0,0,1,0,0,0,0,0,0,0,0,0
7.44734,0,-0.755906,0,0,0,0,0,0,0,1,0,0,0,0,0,0,0,0,0
7.46635,0,-0.795276,0,0,0,0,0,0,0,1,0,0,0,0,0,0,0,0,0
7.48542,0,-0.834646,0,0,0,0,0,0,0,1,0,0,0,0,0,0,0,0,0
7.50322,0,-0.858268,0,0,0,0,0,0,0,1,0,0,0,0,0,0,0,0,0
7.52132,0,-0.874016,0,0,0,0,0,0,0,1,0,0,0,0,0,0,0,0,0
7.54016,0,-0.88189,0,0,0,0,0,0,0,1,0,0,0,0,0,0,0,0,0
7.55832,0,-0.88189,0,0,0,0,0,0,0,1,0,0,0,0,0,0,0,0,0
7.57719,0,-0.889764,0,0,0,0,0,0,0,1,0,0,0,0,0,0,0,0,0
7.59509,0,-0.889764,0,0,0,0,0,0,0,1,0,0,0,0,0,0,0,0,0
7.61322,0,-0.889764,0,0,0,0,0,0,0,1,0,0,0,0,0,0,0,0,0
7.63194,0,-0.889764,0,0,0,0,0,0,0,1,0,0,0,0,0,0,0,0,0
7.65003,0,-0.889764,0,0,0,0,0,0,0,1,0,0,0,0,0,0,0,0,0
7.66891,0,-0.889764,0,0,0,0,0,0,0,1,0,0,0,0,0,0,0,0,0
7.68691,0,-0.889764,0,0,0,0,0,0,0,1,0,0,0,0,0,0,0,0,0
7.70585,0,-0.889764,0,0,0,0,0,0,0,1,0,0,0,0,0,0,0,0,0
7.72398,0,-0.889764,0,0,0,0,0,0,0,1,0,0,0,0,0,0,0,0,0
7.7419,0,-0.889764,0,0,0,0,0,0,0,1,0,0,0,0,0,0,0,0,0
7.76083,0,-0.889764,0,0,0,0,0,0,0,1,0,0,0,0,0,0,0,0,0
7.77882,0,-0.889764,0,0,0,0,0,0,0,1,0,0,0,0,0,0,0,0,0
7.79783,0,-0.889764,0,0,0,0,0,0,0,1,0,0,0,0,0,0,0,0,0
7.81645,0,-0.889764,0,0,0,0,0,0,0,1,0,0,0,0,0,0,0,0,0
7.83426,0,-0.88189,0,0,0,0,0,0,0,1,0,0,0,0,0,0,0,0,0
7.85285,0,-0.866142,0,0,0,0,0,0,0,1,0,0,0,0,0,0,0,0,0
7.87174,0,-0.826772,0,0,0,0,0,0,0,1,0,0,0,0,0,0,0,0,0
7.8897,0,-0.787402,0,0,0,0,0,0,0,1,0,0,0,0,0,0,0,0,0
7.90777,0,-0.740157,0,0,0,0,0,0,0,1,0,0,0,0,0,0,0,0,0
7.92677,0,-0.692913,0,0,0,0,0,0,0,1,0,0,0,0,0,0,0,0,0
7.94559,0,-0.645669,0,0,0,0,0,0,0,1,0,0,0,0,0,0,0,0,0
7.96361,0,-0.606299,0,0,0,0,0,0,0,1,0,0,0,0,0,0,0,0,0
7.9815,0,-0.559055,0,0,0,0,0,0,0,1,0,0,0,0,0,0,0,0,0
8.00049,0,-0.511811,0,0,0,0,0,0,0,1,0,0,0,0,0,0,0,0,0
8.0186,0,-0.464567,0,0,0,0,0,0,0,1,0,0,0,0,0,0,0,0,0
8.03763,0,-0.417323,0,0,0,0,0,0,0,1,0,0,0,0,0,0,0,0,0
8.05554,0,-0.370079,0,0,0,0,0,0,0,1,0,0,0,0,0,0,0,0,0
8.07425,0,-0.330709,0,0,0,0,0,0,0,1,0,0,0,0,0,0,0,0,0
8.09241,0,-0.283465,0,0,0,0,0,0,0,1,0,0,0,0,0,0,0,0,0
8.11134,0,-0.23622,0,0,0,0,0,0,0,1,0,0,0,0,0,0,0,0,0
8.12942,0,-0.188976,0,0,0,0,0,0,0,1,0,0,0,0,0,0,0,0,0
8.14725,0,-0.141732,0,0,0,0,0,0,0,1,0,0,0,0,0,0,0,0,0
8.16635,0,-0.0944882,0,0,0,0,0,0,0,1,0,0,0,0,0,0,0,0,0
8.18528,0,-0.0551181,0,0,0,0,0,0,0,1,0,0,0,0,0,0,0,0,0
8.20371,0,0,0,0,0,0,0,0,0,1,0,0,0,0,0,0,0,0,0
8.22158,0,0,0,0,0,0,0,0,0,1,0,0,0,0,0,0,0,0,0
8.2393,0,0,0,0,0,0,0,0,0,1,0,0,0,0,0,0,0,0,0
8.25821,0,0,0,0,0,0,0,0,0,1,0,0,0,0,0,0,0,0,0
8.27613,0,0,0,0,0,0,0,0,0,1,0,0,0,0,0,0,0,0,0
8.29526,0,0,0,0,0,0,0,0,0,1,0,0,0,0,0,0,0,0,0
8.31371,0,0,0,0,0,0,0,0,0,1,0,0,0,0,0,0,0,0,0
8.33217,0,0,0,0,0,0,0,0,0,1,0,0,0,0,0,0,0,0,0
8.35006,0,0,0,0,0,0,0,0,0,1,0,0,0,0,0,0,0,0,0
8.36897,0,0,0,0,0,0,0,0,0,1,0,0,0,0,0,0,0,0,0
8.38711,0,0,0,0,0,0,0,0,0,1,0,0,0,0,0,0,0,0,0
8.40493,0,0,0,0,0,0,0,0,0,1,0,0,0,0,0,0,0,0,0
8.42409,0,0,0,0,0,0,0,0,0,1,0,0,0,0,0,0,0,0,0
8.44202,0,0,0,0,0,0,0,0,0,1,0,0,0,0,0,0,0,0,0
8.46079,0,0,0,0,0,0,0,0,0,1,0,0,0,0,0,0,0,0,0
8.47891,0,0,0,0,0,0,0,0,0,1,0,0,0,0,0,0,0,0,0
8.4978,0,0,0,0,0,0,0,0,0,1,0,0,0,0,0,0,0,0,0
8.51589,0,0,0,0,0,0,0,0,0,1,0,0,0,0,0,0,0,0,0
8.53386,0,0,0,0,0,0,0,0,0,1,0,0,0,0,0,0,0,0,0
8.5529,0,0,0,0,0,0,0,0,0,1,0,0,0,0,0,0,0,0,0
8.57071,0,0,0,0,0,0,0,0,0,1,0,0,0,0,0,0,0,0,0
8.59024,0,0,0,0,0,0,0,0,0,1,0,0,0,0,0,0,0,0,0
8.60802,0,0,0,0,0,0,0,0,0,1,0,0,0,0,0,0,0,0,0
8.62655,0,0,0,0,0,0,0,0,0,1,0,0,0,0,0,0,0,0,0
8.64467,0,0,0,0,0,0,0,0,0,1,0,0,0,0,0,0,0,0,0
8.66254,0,0,0,0,0,0,0,0,0,1,0,0,0,0,0,0,0,0,0
8.68153,0,0,0,0,0,0,0,0,0,1,0,0,0,0,0,0,0,0,0
8.69953,0,0,0,0,0,0,0,0,0,1,0,0,0,0,0,0,0,0,0
8.71853,0,0,0,0,0,0,0,0,0,1,0,0,0,0,0,0,0,0,0
8.73654,0,0,0,0,0,0,0,0,0,1,0,0,0,0,0,0,0,0,0
8.75541,0,0,0,0,0,0,0,0,0,1,0,0,0,0,0,0,0,0,0
8.77348,0,0,0,0,0,0,0,0,0,1,0,0,0,0,0,0,0,0,0
8.79246,0,0,0,0,0,0,0,0,0,1,0,0,0,0,0,0,0,0,0
8.81035,0,0,0,0,0,0,0,0,0,1,0,0,0,0,0,0,0,0,0
8.82938,0,0,0,0,0,0,0,0,0,1,0,0,0,0,0,0,0,0,0
8.84737,0,0,0,0,0,0,0,0,0,1,0,0,0,0,0,0,0,0,0
8.86532,0,0,0,0,0,0,0,0,0,1,0,0,0,0,0,0,0,0,0
8.88429,0,0,0,0,0,0,0,0,0,1,0,0,0,0,0,0,0,0,0
8.90329,0,0,0,0,0,0,0,0,0,1,0,0,0,0,0,0,0,0,0
8.92126,0,0,0,0,0,0,0,0,0,1,0,0,0,0,0,0,0,0,0
8.93922,0,0,0,0,0,0,0,0,0,1,0,0,0,0,0,0,0,0,0
8.95722,0,0,0,0,0,0,0,0,0,1,0,0,0,0,0,0,0,0,0
8.97606,0,0,0,0,0,0,0,0,0,1,0,0,0,0,0,0,0,0,0
9.0092,0,0,0,0,-1,0,1,0,0,0,0,0,0,0,0,0,0,0,0
9.02933,0,0,0,0,-1,0,1,0,0,0,0,0,0,0,0,0,0,0,0
9.04911,0,0,0,0,-1,0,1,0,0,0,0,0,0,0,0,0,0,0,0
9.069,0,0,0,0,-1,0,1,0,0,0,0,0,0,0,0,0,0,0,0
9.08913,0,0,0,0,-1,0,1,0,0,0,0,0,0,0,0,0,0,0,0
9.11007,0,0,0,0,-1,0,1,0,0,0,0,0,0,0,0,0,0,0,0
9.13008,0,0,0,0,-1,0,1,0,0,0,0,0,0,0,0,0,0,0,0
9.14992,0,0,0,0,-1,0,1,0,0,0,0,0,0,0,0,0,0,0,0
9.16997,0,0,0,0,-1,0,1,0,0,0,0,0,0,0,0,0,0,0,0
9.18996,0,0,0,0,-1,0,1,0,0,0,0,0,0,0,0,0,0,0,0
9.21026,0,0,0,0,-1,0,1,0,0,0,0,0,0,0,0,0,0,0,0
9.22993,0,0,0,0,-1,0,1,0,0,0,0,0,0,0,0,0,0,0,0
9.2498,0,0,0,0,-1,0,1,0,0,0,0,0,0,0,0,0,0,0,0
9.26974,0,0,0,0,-1,0,1,0,0,0,0,0,0,0,0,0,0,0,0
9.28984,0,0,0,0,-1,0,1,0,0,0,0,0,0,0,0,0,0,0,0
9.30982,0,0,0,0,-1,0,1,0,0,0,0,0,0,0,0,0,0,0,0
9.32957,0,0,0,0,-1,0,1,0,0,0,0,0,0,0,0,0,0,0,0
9.34964,0,0,0,0,-1,0,1,0,0,0,0,0,0,0,0,0,0,0,0
9.36964,0,0,0,0,-1,0,1,0,0,0,0,0,0,0,0,0,0,0,0
9.38966,0,0,0,0,-1,0,1,0,0,0,0,0,0,0,0,0,0,0,0
9.4096,0,0,0,0,-1,0,1,0,0,0,0,0,0,0,0,0,0,0,0
9.42989,0,0,0,0,-1,0,1,0,0,0,0,0,0,0,0,0,0,0,0
9.44959,0,0,0,0,-1,0,1,0,0,0,0,0,0,0,0,0,0,0,0
9.4694,0,0,0,0,-1,0,1,0,0,0,0,0,0,0,0,0,0,0,0
9.48934,0,0,0,0,-1,0,1,0,0,0,0,0,0,0,0,0,0,0,0
9.51029,0,0,0,0,0,0,0,0,0,0,0,0,0,0,0,0,0,0,0
9.53033,0,0,0,0,0,0,0,0,0,0,0,0,0,0,0,0,0,0,0
9.55038,0,0,0,0,0,0,0,0,0,0,0,0,0,0,0,0,0,0,0
9.5703,0,0,0,0,0,0,0,0,0,0,0,0,0,0,0,0,0,0,0
9.59032,0,0,0,0,0,0,0,0,0,0,0,0,0,0,0,0,0,0,0
9.61032,0,0,0,0,0,0,0,0,0,0,0,0,0,0,0,0,0,0,0
9.63043,0,0,0,0,0,0,0,0,0,0,0,0,0,0,0,0,0,0,0
9.65015,0,0,0,0,0,0,0,0,0,0,0,0,0,0,0,0,0,0,0
9.67009,0,0,0,0,0,0,0,0,0,0,0,0,0,0,0,0,0,0,0
9.69012,0,0,0,0,0,0,0,0,0,0,0,0,0,0,0,0,0,0,0
9.71022,0,0,0,0,0,0,0,0,0,0,0,0,0,0,0,0,0,0,0
9.73071,0,0,0,0,0,0,0,0,0,0,0,0,0,0,0,0,0,0,0
9.75053,0,0,0,0,0,0,0,0,0,0,0,0,0,0,0,0,0,0,0
9.77013,0,0,0,0,0,0,0,0,0,0,0,0,0,0,0,0,0,0,0
9.7901,0,0,0,0,0,0,0,0,0,0,0,0,0,0,0,0,0,0,0
9.80998,0,0,0,0,0,0,0,0,0,0,0,0,0,0,0,0,0,0,0
9.83017,0,0,0,0,0,0,0,0,0,0,0,0,0,0,0,0,0,0,0
9.85003,0,0,0,0,0,0,0,0,0,0,0,0,0,0,0,0,0,0,0
9.87,0,0,0,0,0,0,0,0,0,0,0,0,0,0,0,0,0,0,0
9.89006,0,0,0,0,0,0,0,0,0,0,0,0,0,0,0,0,0,0,0
9.90992,0,0,0,0,0,0,0,0,0,0,0,0,0,0,0,0,0,0,0
9.93001,0,0,0,0,0,0,0,0,0,0,0,0,0,0,0,0,0,0,0
9.95094,0,0,0,0,0,0,0,0,0,0,0,0,0,0,0,0,0,0,0
9.97076,0,0,0,0,0,0,0,0,0,0,0,0,0,0,0,0,0,0,0
9.99074,0,0,0,0,0,0,0,0,0,0,0,0,0,0,0,0,0,0,0
10.0107,0,0,0,0,0,0,0,0,0,0,0,0,0,0,0,0,0,0,0
10.0307,0,0,0,0,0,0,0,0,0,0,0,0,0,0,0,0,0,0,0
10.0508,0,0,0,0,0,0,0,0,0,0,0,0,0,0,0,0,0,0,0
10.0707,0,0,0,0,0,0,0,0,0,0,0,0,0,0,0,0,0,0,0
10.0907,0,0,0,0,0,0,0,0,0,0,0,0,0,0,0,0,0,0,0
10.1106,0,0,0,0,0,0,0,0,0,0,0,0,0,0,0,0,0,0,0
10.1306,0,0,0,0,0,0,0,0,0,0,0,0,0,0,0,0,0,0,0
10.1507,0,0,0,0,0,0,0,0,0,0,0,0,0,0,0,0,0,0,0
10.1705,0,0,0,0,0,0,0,0,0,0,0,0,0,0,0,0,0,0,0
10.1905,0,0,0,0,0,0,0,0,0,0,0,0,0,0,0,0,0,0,0
10.2105,0,0,0,0,0,0,0,0,0,0,0,0,0,0,0,0,0,0,0
10.2304,0,0,0,0,0,0,0,0,0,0,0,0,0,0,0,0,0,0,0
10.2506,0,0,0,0,0,0,0,0,0,0,0,0,0,0,0,0,0,0,0
10.2704,0,0,0,0,0,0,0,0,0,0,0,0,0,0,0,0,0,0,0
10.2904,0,0,0,0,0,0,0,0,0,0,0,0,0,0,0,0,0,0,0
10.3104,0,0,0,0,0,0,0,0,0,0,0,0,0,0,0,0,0,0,0
10.3303,0,0,0,0,0,0,0,0,0,0,0,0,0,0,0,0,0,0,0
10.3504,0,0,0,0,0,0,0,0,0,0,0,0,0,0,0,0,0,0,0
10.3705,0,0,0,0,0,0,0,0,0,0,0,0,0,0,0,0,0,0,0
10.3912,0,0,0,0,0,0,0,0,0,0,0,0,0,0,0,0,0,0,0
10.4113,0,0,0,0,0,0,0,0,0,0,0,0,0,0,0,0,0,0,0
10.4311,0,0,0,0,0,0,0,0,0,0,0,0,0,0,0,0,0,0,0
10.4511,0,0,0,0,0,0,0,0,0,0,0,0,0,0,0,0,0,0,0
10.4713,0,0,0,0,0,0,0,0,0,0,0,0,0,0,0,0,0,0,0
10.491,0,0,0,0,0,0,0,0,0,0,0,0,0,0,0,0,0,0,0
10.5111,0,0,0,0,0,0,0,0,0,0,0,0,0,0,0,0,0,0,0
10.5311,0,0,0,0,0,0,0,0,0,0,0,0,0,0,0,0,0,0,0
10.551,0,0,0,0,0,0,0,0,0,0,0,0,0,0,0,0,0,0,0
10.571,0,0,0,0,0,0,0,0,0,0,0,0,0,0,0,0,0,0,0
10.591,0,0,0,0,0,0,0,0,0,0,0,0,0,0,0,0,0,0,0
10.6109,0,0,0,0,0,0,0,0,0,0,0,0,0,0,0,0,0,0,0
10.6309,0,0,0,0,0,0,0,0,0,0,0,0,0,0,0,0,0,0,0
10.6508,0,0,0,0,0,0,0,0,0,0,0,0,0,0,0,0,0,0,0
10.6708,0,0,0,0,0,0,0,0,0,0,0,0,0,0,0,0,0,0,0
10.6908,0,0,0,0,0,0,0,0,0,0,0,0,0,0,0,0,0,0,0
10.7108,0,0,0,0,0,0,0,0,0,0,0,0,0,0,0,0,0,0,0
10.7307,0,0,0,0,0,0,0,0,0,0,0,0,0,0,0,0,0,0,0
10.7508,0,0,0,0,0,0,0,0,0,0,0,0,0,0,0,0,0,0,0
10.7706,0,0,0,0,0,0,0,0,0,0,0,0,0,0,0,0,0,0,0
10.7915,0,0,0,0,0,0,0,0,0,0,0,0,0,0,0,0,0,0,0
10.8116,0,0,0,0,0,0,0,0,0,0,0,0,0,0,0,0,0,0,0
10.8314,0,0,0,0,1,0,0,0,0,0,0,0,0,0,0,0,0,0,0
10.8516,0,0,0,0,1,0,0,0,0,0,0,0,0,0,0,0,0,0,0
10.8713,0,0,0,0,1,0,0,0,0,0,0,0,0,0,0,0,0,0,0
10.8915,0,0,0,0,1,0,0,0,0,0,0,0,0,0,0,0,0,0,0
10.9115,0,0,0,0,1,0,0,0,0,0,0,0,0,0,0,0,0,0,0
10.9313,0,0,0,0,1,0,0,0,0,0,0,0,0,0,0,0,0,0,0
10.9514,0,0,0,0,1,0,0,0,0,0,0,0,0,0,0,0,0,0,0
10.9714,0,0,0,0,1,0,0,0,0,0,0,0,0,0,0,0,0,0,0
10.9915,0,0,0,0,1,0,0,0,0,0,0,0,0,0,0,0,0,0,0
11.0114,0,0,0,0,1,0,0,0,0,0,0,0,0,0,0,0,0,0,0
11.0313,0,0,0,0,1,0,0,0,0,0,0,0,0,0,0,0,0,0,0
11.0514,0,0,0,0,1,0,0,0,0,0,0,0,0,0,0,0,0,0,0
11.0712,0,0,0,0,1,0,0,0,0,0,0,0,0,0,0,0,0,0,0
11.0912,0,0,0,0,1,0,0,0,0,0,0,0,0,0,0,0,0,0,0
11.1113,0,0,0,0,1,0,0,0,0,0,0,0,0,0,0,0,0,0,0
11.1312,0,0,0,0,1,0,0,0,0,0,0,0,0,0,0,0,0,0,0
11.1512,0,0,0,0,1,0,0,0,0,0,0,0,0,0,0,0,0,0,0
11.1712,0,0,0,0,1,0,0,0,0,0,0,0,0,0,0,0,0,0,0
11.1911,0,0,0,0,1,0,0,0,0,0,0,0,0,0,0,0,0,0,0
11.212,0,0,0,0,1,0,0,0,0,0,0,0,0,0,0,0,0,0,0
11.232,0,0,0,0,1,0,0,0,0,0,0,0,0,0,0,0,0,0,0
11.2519,0,0,0,0,1,0,0,0,0,0,0,0,0,0,0,0,0,0,0
11.2719,0,0,0,0,1,0,0,0,0,0,0,0,0,0,0,0,0,0,0
11.2923,0,0,0,0,1,0,0,0,0,0,0,0,0,0,0,0,0,0,0
11.3119,0,0,0,0,1,0,0,0,0,0,0,0,0,0,0,0,0,0,0
11.3318,0,0,0,0,1,0,0,0,0,0,0,0,0,0,0,0,0,0,0
11.3518,0,0,0,0,1,0,0,0,0,0,0,0,0,0,0,0,0,0,0
11.3716,0,0,0,0,1,0,0,0,0,0,0,0,0,0,0,0,0,0,0
11.3918,0,0,0,0,1,0,0,0,0,0,0,0,0,0,0,0,0,0,0
11.4115,0,0,0,0,1,0,0,0,0,0,0,0,0,0,0,0,0,0,0
11.4315,0,0,0,0,1,0,0,0,0,0,0,0,0,0,0,0,0,0,0
11.4515,0,0,0,0,1,0,0,0,0,0,0,0,0,0,0,0,0,0,0
11.4715,0,0,0,0,1,0,0,0,0,0,0,0,0,0,0,0,0,0,0
11.4915,0,0,0,0,1,0,0,0,0,0,0,0,0,0,0,0,0,0,0
11.5114,0,0,0,0,1,0,0,0,0,0,0,0,0,0,0,0,0,0,0
11.5314,0,0,0,0,1,0,0,0,0,0,0,0,0,0,0,0,0,0,0
11.5515,0,0.0393701,0,0,1,0,0,0,0,0,0,0,0,0,0,0,0,0,0
11.5714,0,0.0472441,0,0,1,0,0,0,0,0,0,0,0,0,0,0,0,0,0
11.5914,0,0.0551181,0,0,1,0,0,0,0,0,0,0,1,0,0,0,0,0,0
11.6123,0,0.0629921,0,0,1,0,0,0,0,0,0,0,1,0,0,0,0,0,0
11.6323,0,0.0787402,0,0,1,0,0,0,0,0,0,0,1,0,0,0,0,0,0
11.6524,0,0.0944882,0,0,1,0,0,0,0,0,0,0,1,0,0,0,0,0,0
11.6724,0,0.110236,0,0,1,0,0,0,0,0,0,0,1,0,0,0,0,0,0
11.6922,0,0.125984,0,0,1,0,0,0,0,0,0,0,1,0,0,0,0,0,0
11.7124,0,0.141732,0,0,1,0,0,0,0,0,0,0,1,0,0,0,0,0,0
11.7322,0,0.165354,0,0,1,0,0,0,0,0,0,0,1,0,0,0,0,0,0
11.7523,0,0.188976,0,0,1,0,0,0,0,0,0,0,1,0,0,0,0,0,0
11.7722,0,0.204724,0,0,1,0,0,0,0,0,0,0,1,0,0,0,0,0,0
11.7921,0,0.228346,0,0,1,0,0,0,0,0,0,0,1,0,0,0,0,0,0
11.8122,0,0.251969,0,0,1,0,0,0,0,0,0,0,1,0,0,0,0,0,0
11.832,0,0.275591,0,0,1,0,0,0,0,0,0,0,1,0,0,0,0,0,0
11.8521,0,0.299213,0,0,1,0,0,0,0,0,0,0,1,0,0,0,0,0,0
11.8721,0,0.314961,0,0,1,0,0,0,0,0,0,0,1,0,0,0,0,0,0
11.892,0,0.330709,0,0,1,0,0,0,0,0,0,0,1,0,0,0,0,0,0
11.912,0,0.346457,0,0,1,0,0,0,0,0,0,0,1,0,0,0,0,0,0
11.9319,0,0.370079,0,0,1,0,0,0,0,0,0,0,1,0,0,0,0,0,0
11.952,0,0.385827,0,0,1,0,0,0,0,0,0,0,1,0,0,0,0,0,0
11.972,0,0.393701,0,0,1,0,0,0,0,0,0,0,1,0,0,0,0,0,0
11.992,0,0.409449,0,0,1,0,0,0,0,0,0,0,1,0,0,0,0,0,0
12.0118,0,0.425197,0,0,1,0,0,0,0,0,0,0,1,0,0,0,0,0,0
12.0328,0,0.433071,0,0,1,0,0,0,0,0,0,0,1,0,0,0,0,0,0
12.0527,0,0.440945,0,0,1,0,0,0,0,0,0,0,1,0,0,0,0,0,0
12.0727,0,0.448819,0,0,1,0,0,0,0,0,0,0,1,0,0,0,0,0,0
12.0927,0,0.448819,0,0,1,0,0,0,0,0,0,0,1,0,0,0,0,0,0
12.1126,0,0.456693,0,0,1,0,0,0,0,0,0,0,1,0,0,0,0,0,0
12.1326,0,0.456693,0,0,1,0,0,0,0,0,0,0,1,0,0,0,0,0,0
12.1526,0,0.456693,0,0,1,0,0,0,0,0,0,0,1,0,0,0,0,0,0
12.1726,0,0.456693,0,0,1,0,0,0,0,0,0,0,1,0,0,0,0,0,0
12.1926,0,0.456693,0,0,1,0,0,0,0,0,0,0,1,0,0,0,0,0,0
12.2125,0,0.456693,0,0,1,0,0,0,0,0,0,0,1,0,0,0,0,0,0
12.2325,0,0.456693,0,0,1,0,0,0,0,0,0,0,1,0,0,0,0,0,0
12.2524,0,0.456693,0,0,1,0,0,0,0,0,0,0,1,0,0,0,0,0,0
12.2723,0,0.456693,0,0,1,0,0,0,0,0,0,0,1,0,0,0,0,0,0
12.2924,0,0.456693,0,0,1,0,0,0,0,0,0,0,1,0,0,0,0,0,0
12.3124,0,0.456693,0,0,1,0,0,0,0,0,0,0,1,0,0,0,0,0,0
12.3323,0,0.456693,0,0,1,0,0,0,0,0,0,0,1,0,0,0,0,0,0
12.3525,0,0.456693,0,0,1,0,0,0,0,0,0,0,1,0,0,0,0,0,0
12.3723,0,0.456693,0,0,1,0,0,0,0,0,0,0,1,0,0,0,0,0,0
12.3924,0,0.456693,0,0,1,0,0,0,0,0,0,0,1,0,0,0,0,0,0
12.4123,0,0.456693,0,0,1,0,0,0,0,0,0,0,1,0,0,0,0,0,0
12.4321,0,0.456693,0,0,1,0,0,0,0,0,0,0,1,0,0,0,0,0,0
12.4523,0,0.456693,0,0,1,0,0,0,0,0,0,0,1,0,0,0,0,0,0
12.4732,0,0.456693,0,0,1,0,0,0,0,0,0,0,1,0,0,0,0,0,0
12.4932,0,0.456693,0,0,1,0,0,0,0,0,0,0,1,0,0,0,0,0,0
12.5131,0,0.456693,0,0,1,0,0,0,0,0,0,0,1,0,0,0,0,0,0
12.5332,0,0.456693,0,0,1,0,0,0,0,0,0,0,1,0,0,0,0,0,0
12.5532,0,0.456693,0,0,1,0,0,0,0,0,0,0,1,0,0,0,0,0,0
12.573,0,0.456693,0,0,1,0,0,0,0,0,0,0,1,0,0,0,0,0,0
12.593,0,0.456693,0,0,1,0,0,0,0,0,0,0,1,0,0,0,0,0,0
12.613,0,0.456693,0,0,1,0,0,0,0,0,0,0,1,0,0,0,0,0,0
12.6329,0,0.456693,0,0,1,0,0,0,0,0,0,0,1,0,0,0,0,0,0
12.653,0,0.456693,0,0,1,0,0,0,0,0,0,0,1,0,0,0,0,0,0
12.673,0,0.456693,0,0,1,0,0,0,0,0,0,0,1,0,0,0,0,0,0
12.6929,0,0.456693,0,0,1,0,0,0,0,0,0,0,1,0,0,0,0,0,0
12.713,0,0.456693,0,0,1,0,0,0,0,0,0,0,1,0,0,0,0,0,0
12.733,0,0.456693,0,0,1,0,0,0,0,0,0,0,1,0,0,0,0,0,0
12.7528,0,0.456693,0,0,1,0,0,0,0,0,0,0,1,0,0,0,0,0,0
12.7728,0,0.456693,0,0,1,0,0,0,0,0,0,0,1,0,0,0,0,0,0
12.7928,0,0.456693,0,0,1,0,0,0,0,0,0,0,1,0,0,0,0,0,0
12.8128,0,0.456693,0,0,1,0,0,0,0,0,0,0,1,0,0,0,0,0,0
12.8332,0,0.456693,0,0,1,0,0,0,0,0,0,0,1,0,0,0,0,0,0
12.8528,0,0.456693,0,0,1,0,0,0,0,0,0,0,1,0,0,0,0,0,0
12.8728,0,0.433071,0,0,1,0,0,0,0,0,0,0,1,0,0,0,0,0,0
12.8927,0,0.409449,0,0,1,0,0,0,0,0,0,0,1,0,0,0,0,0,0
12.9127,0,0.377953,0,0,1,0,0,0,0,0,0,0,1,0,0,0,0,0,0
12.9337,0,0.354331,0,0,1,0,0,0,0,0,0,0,1,0,0,0,0,0,0
12.9542,0,0.330709,0,0,1,0,0,0,0,0,0,0,1,0,0,0,0,0,0
12.9736,0,0.307087,0,0,1,0,0,0,0,0,0,0,1,0,0,0,0,0,0
12.9936,0,0.283465,0,0,1,0,0,0,0,0,0,0,1,0,0,0,0,0,0
13.0136,0,0.251969,0,0,1,0,0,0,0,0,0,0,1,0,0,0,0,0,0
13.0335,0,0.228346,0,0,1,0,0,0,0,0,0,0,1,0,0,0,0,0,0
13.0536,0,0.204724,0,0,1,0,0,0,0,0,0,0,1,0,0,0,0,0,0
13.0733,0,0.181102,0,0,1,0,0,0,0,0,0,0,1,0,0,0,0,0,0
13.0933,0,0.15748,0,0,1,0,0,0,0,0,0,0,1,0,0,0,0,0,0
13.1134,0,0.125984,0,0,1,0,0,0,0,0,0,0,1,0,0,0,0,0,0
13.1333,0,0.102362,0,0,1,0,0,0,0,0,0,0,1,0,0,0,0,0,0
13.1535,0,0.0787402,0,0,1,0,0,0,0,0,0,0,1,0,0,0,0,0,0
13.1733,0,0.0551181,0,0,1,0,0,0,0,0,0,0,1,0,0,0,0,0,0
13.1932,0,0,0,0,1,0,0,0,0,0,0,0,0,0,0,0,0,0,0
13.2132,0,0,0,0,1,0,0,0,0,0,0,0,0,0,0,0,0,0,0
13.2331,0,0,0,0,1,0,0,0,0,0,0,0,0,0,0,0,0,0,0
13.2532,0,0,0,0,1,0,0,0,0,0,0,0,0,0,0,0,0,0,0
13.273,0,0,0,0,1,0,0,0,0,0,0,0,0,0,0,0,0,0,0
13.2931,0,0,0,0,1,0,0,0,0,0,0,0,0,0,0,0,0,0,0
13.3132,0,0,0,0,1,0,0,0,0,0,0,0,0,0,0,0,0,0,0
13.3341,0,0,0,0,1,0,0,0,0,0,0,0,0,0,0,0,0,0,0
13.3541,0,0,0,0,1,0,0,0,0,0,0,0,0,0,0,0,0,0,0
13.3738,0,0,0,0,1,0,0,0,0,0,0,0,0,0,0,0,0,0,0
13.3938,0,0,0,0,1,0,0,0,0,0,0,0,0,0,0,0,0,0,0
13.414,0,0,0,0,1,0,0,0,0,0,0,0,0,0,0,0,0,0,0
13.4339,0,0,0,0,1,0,0,0,0,0,0,0,0,0,0,0,0,0,0
13.454,0,0,0,0,1,0,0,0,0,0,0,0,0,0,0,0,0,0,0
13.4738,0,0,0,0,1,0,0,0,0,0,0,0,0,0,0,0,0,0,0
13.4939,0,0,0,0,1,0,0,0,0,0,0,0,0,0,0,0,0,0,0
13.5138,0,0,0,0,1,0,0,0,0,0,0,0,0,0,0,0,0,0,0
13.5338,0,0,0,0,1,0,0,0,0,0,0,0,0,0,0,0,0,0,0
13.5538,0,0,0,0,1,0,0,0,0,0,0,0,0,0,0,0,0,0,0
13.5736,0,0,0,0,1,0,0,0,0,0,0,0,0,0,0,0,0,0,0
13.5937,0,0,0,0,1,0,0,0,0,0,0,0,0,0,0,0,0,0,0
13.6137,0,0,0,0,1,0,0,0,0,0,0,0,0,0,0,0,0,0,0
13.6338,0,-0.0472441,0,0,1,0,0,0,0,0,0,0,0,0,0,0,0,0,0
13.6536,0,-0.0629921,0,0,1,0,0,0,0,0,0,0,1,0,0,0,0,0,0
13.6735,-0.0393701,-0.0787402,0,0,1,0,0,0,0,0,0,0,1,0,0,0,0,0,0
13.6936,-0.0551181,-0.102362,0,0,1,0,0,0,0,0,0,0,1,0,0,0,0,0,0
13.7134,-0.0629921,-0.11811,0,0,1,0,0,0,0,0,0,0,1,0,0,0,0,0,0
13.7335,-0.0708661,-0.133858,0,0,1,0,0,0,0,0,0,0,1,0,0,0,0,0,0
13.7544,-0.0787402,-0.15748,0,0,1,0,0,0,0,0,0,0,1,0,0,0,0,0,0
13.7743,-0.0944882,-0.173228,0,0,1,0,0,0,0,0,0,0,1,0,0,0,0,0,0
13.7945,-0.102362,-0.19685,0,0,1,0,0,0,0,0,0,0,1,0,0,0,0,0,0
13.8142,-0.110236,-0.212598,0,0,1,0,0,0,0,0,0,0,1,0,0,0,0,0,0
13.8343,-0.125984,-0.23622,0,0,1,0,0,0,0,0,0,0,1,0,0,0,0,0,0
13.8543,-0.133858,-0.259843,0,0,1,0,0,0,0,0,0,0,1,0,0,0,0,0,0
13.8742,-0.149606,-0.283465,0,0,1,0,0,0,0,0,0,0,1,0,0,0,0,0,0
13.8944,-0.15748,-0.307087,0,0,1,0,0,0,0,0,0,0,1,0,0,0,0,0,0
13.9146,-0.165354,-0.322835,0,0,1,0,0,0,0,0,0,0,1,0,0,0,0,0,0
13.9341,-0.173228,-0.338583,0,0,1,0,0,0,0,0,0,0,1,0,0,0,0,0,0
13.9541,-0.188976,-0.354331,0,0,1,0,0,0,0,0,0,0,1,0,0,0,0,0,0
13.9742,-0.19685,-0.370079,0,0,1,0,0,0,0,0,0,0,1,0,0,0,0,0,0
13.9945,-0.19685,-0.377953,0,0,1,0,0,0,0,0,0,0,1,0,0,0,0,0,0
14.0146,-0.204724,-0.393701,0,0,1,0,0,0,0,0,0,0,1,0,0,0,0,0,0
14.0343,-0.212598,-0.401575,0,0,1,0,0,0,0,0,0,0,1,0,0,0,0,0,0
14.0541,-0.212598,-0.409449,0,0,1,0,0,0,0,0,0,0,1,0,0,0,0,0,0
14.0741,-0.212598,-0.417323,0,0,1,0,0,0,0,0,0,0,1,0,0,0,0,0,0
14.0942,-0.220472,-0.425197,0,0,1,0,0,0,0,0,0,0,1,0,0,0,0,0,0
14.114,-0.220472,-0.433071,0,0,1,0,0,0,0,0,0,0,1,0,0,0,0,0,0
14.1339,-0.228346,-0.433071,0,0,1,0,0,0,0,0,0,0,1,0,0,0,0,0,0
14.154,-0.228346,-0.440945,0,0,1,0,0,0,0,0,0,0,1,0,0,0,0,0,0
14.1739,-0.228346,-0.448819,0,0,1,0,0,0,0,0,0,0,1,0,0,0,0,0,0
14.1948,-0.228346,-0.448819,0,0,1,0,0,0,0,0,0,0,1,0,0,0,0,0,0
14.2148,-0.228346,-0.448819,0,0,1,0,0,0,0,0,0,0,1,0,0,0,0,0,0
14.2351,-0.228346,-0.448819,0,0,1,0,0,0,0,0,0,0,1,0,0,0,0,0,0
14.2548,-0.228346,-0.456693,0,0,1,0,0,0,0,0,0,0,1,0,0,0,0,0,0
14.2747,-0.228346,-0.456693,0,0,1,0,0,0,0,0,0,0,1,0,0,0,0,0,0
14.2947,-0.228346,-0.456693,0,0,1,0,0,0,0,0,0,0,1,0,0,0,0,0,0
14.3153,-0.228346,-0.456693,0,0,1,0,0,0,0,0,0,0,1,0,0,0,0,0,0
14.3353,-0.228346,-0.456693,0,0,1,0,0,0,0,0,0,0,1,0,0,0,0,0,0
14.3548,-0.220472,-0.456693,0,0,1,0,0,0,0,0,0,0,1,0,0,0,0,0,0
14.3747,-0.212598,-0.464567,0,0,1,0,0,0,0,0,0,0,1,0,0,0,0,0,0
14.3945,-0.19685,-0.464567,0,0,1,0,0,0,0,0,0,0,1,0,0,0,0,0,0
14.4146,-0.188976,-0.464567,0,0,1,0,0,0,0,0,0,0,1,0,0,0,0,0,0
14.4347,-0.173228,-0.464567,0,0,1,0,0,0,0,0,0,0,1,0,0,0,0,0,0
14.455,-0.15748,-0.464567,0,0,1,0,0,0,0,0,0,0,1,0,0,0,0,0,0
14.4749,-0.149606,-0.464567,0,0,1,0,0,0,0,0,0,0,1,0,0,0,0,0,0
14.4944,-0.133858,-0.464567,0,0,1,0,0,0,0,0,0,0,1,0,0,0,0,0,0
14.5143,-0.11811,-0.464567,0,0,1,0,0,0,0,0,0,0,1,0,0,0,0,0,0
14.5344,-0.102362,-0.464567,0,0,1,0,0,0,0,0,0,0,1,0,0,0,0,0,0
14.5543,-0.0944882,-0.464567,0,0,1,0,0,0,0,0,0,0,1,0,0,0,0,0,0
14.5742,-0.0787402,-0.464567,0,0,1,0,0,0,0,0,0,0,1,0,0,0,0,0,0
14.5944,-0.0629921,-0.464567,0,0,1,0,0,0,0,0,0,0,1,0,0,0,0,0,0
14.6142,-0.0472441,-0.464567,0,0,1,0,0,0,0,0,0,0,1,0,0,0,0,0,0
14.6343,0,-0.464567,0,0,1,0,0,0,0,0,0,0,1,0,0,0,0,0,0
14.6543,0,-0.464567,0,0,1,0,0,0,0,0,0,0,1,0,0,0,0,0,0
14.6753,0,-0.464567,0,0,1,0,0,0,0,0,0,0,1,0,0,0,0,0,0
14.6953,0,-0.464567,0,0,1,0,0,0,0,0,0,0,1,0,0,0,0,0,0
14.7152,0.0472441,-0.456693,0,0,1,0,0,0,0,0,0,0,1,0,0,0,0,0,0
14.7351,0.0629921,-0.456693,0,0,1,0,0,0,0,0,0,0,1,0,0,0,0,0,0
14.7551,0.0787402,-0.456693,0,0,1,0,0,0,0,0,0,0,1,0,0,0,0,0,0
14.7751,0.0944882,-0.456693,0,0,1,0,0,0,0,0,0,0,1,0,0,0,0,0,0
14.7951,0.110236,-0.448819,0,0,1,0,0,0,0,0,0,0,1,0,0,0,0,0,0
14.815,0.11811,-0.448819,0,0,1,0,0,0,0,0,0,0,1,0,0,0,0,0,0
14.835,0.133858,-0.448819,0,0,1,0,0,0,0,0,0,0,1,0,0,0,0,0,0
14.855,0.149606,-0.440945,0,0,1,0,0,0,0,0,0,0,1,0,0,0,0,0,0
14.875,0.165354,-0.440945,0,0,1,0,0,0,0,0,0,0,1,0,0,0,0,0,0
14.8949,0.173228,-0.433071,0,0,1,0,0,0,0,0,0,0,1,0,0,0,0,0,0
14.9149,0.181102,-0.425197,0,0,1,0,0,0,0,0,0,0,1,0,0,0,0,0,0
14.9348,0.181102,-0.401575,0,0,1,0,0,0,0,0,0,0,1,0,0,0,0,0,0
14.9547,0.181102,-0.377953,0,0,1,0,0,0,0,0,0,0,1,0,0,0,0,0,0
14.9748,0.181102,-0.354331,0,0,1,0,0,0,0,0,0,0,1,0,0,0,0,0,0
14.9952,0.173228,-0.322835,0,0,1,0,0,0,0,0,0,0,1,0,0,0,0,0,0
15.0152,0.165354,-0.299213,0,0,1,0,0,0,0,0,0,0,1,0,0,0,0,0,0
15.0348,0.15748,-0.275591,0,0,1,0,0,0,0,0,0,0,1,0,0,0,0,0,0
15.0546,0.149606,-0.244094,0,0,1,0,0,0,0,0,0,0,1,0,0,0,0,0,0
15.0756,0.141732,-0.220472,0,0,1,0,0,0,0,0,0,0,1,0,0,0,0,0,0
15.0956,0.125984,-0.19685,0,0,1,0,0,0,0,0,0,0,1,0,0,0,0,0,0
15.1156,0.110236,-0.173228,0,0,1,0,0,0,0,0,0,0,1,0,0,0,0,0,0
15.1356,0.0944882,-0.149606,0,0,1,0,0,0,0,0,0,0,1,0,0,0,0,0,0
15.156,0.0787402,-0.125984,0,0,1,0,0,0,0,0,0,0,1,0,0,0,0,0,0
15.1759,0.0708661,-0.102362,0,0,1,0,0,0,0,0,0,0,1,0,0,0,0,0,0
15.1955,0.0551181,-0.0787402,0,0,1,0,0,0,0,0,0,0,1,0,0,0,0,0,0
15.2158,0.0393701,-0.0551181,0,0,1,0,0,0,0,0,0,0,1,0,0,0,0,0,0
15.2354,0,0,0,0,1,0,0,0,0,0,0,0,0,0,0,0,0,0,0
15.2555,0,0,0,0,1,0,0,0,0,0,0,0,0,0,0,0,0,0,0
15.2751,0,0,0,0,1,0,0,0,0,0,0,0,0,0,0,0,0,0,0
15.2953,0,0,0,0,1,0,0,0,0,0,0,0,0,0,0,0,0,0,0
15.3153,0,0,0,0,1,0,0,0,0,0,0,0,0,0,0,0,0,0,0
15.3352,0,0,0,0,1,0,0,0,0,0,0,0,0,0,0,0,0,0,0
15.3553,0,0,0,0,1,0,0,0,0,0,0,0,0,0,0,0,0,0,0
15.3756,0,0,0,0,1,0,0,0,0,0,0,0,0,0,0,0,0,0,0
15.3953,0,0,0,0,1,0,0,0,0,0,0,0,0,0,0,0,0,0,0
15.4151,0,0,0,0,1,0,0,0,0,0,0,0,0,0,0,0,0,0,0
15.4352,0,0,0,0,1,0,0,0,0,0,0,0,0,0,0,0,0,0,0
15.455,0,0,0,0,1,0,0,0,0,0,0,0,0,0,0,0,0,0,0
15.475,0,0,0,0,1,0,0,0,0,0,0,0,0,0,0,0,0,0,0
15.496,0,0,0,0,1,0,0,0,0,0,0,0,0,0,0,0,0,0,0
15.516,0,0,0,0,1,0,0,0,0,0,0,0,0,0,0,0,0,0,0
15.5359,0,0,0,0,1,0,0,0,0,0,0,0,0,0,0,0,0,0,0
15.556,0,0,0,0,1,0,0,0,0,0,0,0,0,0,0,0,0,0,0
15.5759,0,0,0,0,1,0,0,0,0,0,0,0,0,0,0,0,0,0,0
15.596,0,0,0,0,1,0,0,0,0,0,0,0,0,0,0,0,0,0,0
15.6159,0,0,0,0,1,0,0,0,0,0,0,0,0,0,0,0,0,0,0
15.6359,0,0,0,0,1,0,0,0,0,0,0,0,0,0,0,0,0,0,0
15.6559,0,0,-0.0708661,0,1,0,0,0,0,0,0,0,1,0,0,0,0,0,0
15.6758,0,0,-0.110236,0,1,0,0,0,0,0,0,0,1,0,0,0,0,0,0
15.6957,0,0,-0.141732,0,1,0,0,0,0,0,0,0,1,0,0,0,0,0,0
15.7157,0,0,-0.19685,0,1,0,0,0,0,0,0,0,1,0,0,0,0,0,0
15.7361,0,0,-0.228346,0,1,0,0,0,0,0,0,0,1,0,0,0,0,0,0
15.7558,0,0,-0.267717,0,1,0,0,0,0,0,0,0,1,0,0,0,0,0,0
15.7758,0,0,-0.330709,-0.125984,1,0,0,0,0,0,0,0,1,0,0,0,0,0,0
15.7956,0,0,-0.362205,-0.181102,1,0,0,0,0,0,0,0,1,0,0,0,0,0,0
15.8155,0,0,-0.393701,-0.23622,1,0,0,0,0,0,0,0,1,0,0,0,0,0,0
15.8355,0,0,-0.472441,-0.346457,1,0,0,0,0,0,0,0,1,0,0,0,0,0,0
15.8557,0,0,-0.496063,-0.393701,1,0,0,0,0,0,0,0,1,0,0,0,0,0,0
15.8755,0,0,-0.511811,-0.440945,1,0,0,0,0,0,0,0,1,0,0,0,0,0,0
15.8959,0,0,-0.535433,-0.472441,1,0,0,0,0,0,0,0,1,0,0,0,0,0,0
15.9157,0,0,-0.535433,-0.472441,1,0,0,0,0,0,0,0,1,0,0,0,0,0,0
15.9363,0,0,-0.543307,-0.472441,1,0,0,0,0,0,0,0,1,0,0,0,0,0,0
15.9563,0,0,-0.559055,-0.472441,1,0,0,0,0,0,0,0,1,0,0,0,0,0,0
15.9762,0,0,-0.574803,-0.472441,1,0,0,0,0,0,0,0,1,0,0,0,0,0,0
15.9963,0,0,-0.590551,-0.472441,1,0,0,0,0,0,0,0,1,0,0,0,0,0,0
16.0162,0,0,-0.614173,-0.472441,1,0,0,0,0,0,0,0,1,0,0,0,0,0,0
16.0363,0,0,-0.622047,-0.472441,1,0,0,0,0,0,0,0,1,0,0,0,0,0,0
16.0563,0,0,-0.629921,-0.472441,1,0,0,0,0,0,0,0,1,0,0,0,0,0,0
16.0769,0,0,-0.645669,-0.472441,1,0,0,0,0,0,0,0,1,0,0,0,0,0,0
16.0967,0,0,-0.645669,-0.472441,1,0,0,0,0,0,0,0,1,0,0,0,0,0,0
16.1162,0,0,-0.645669,-0.472441,1,0,0,0,0,0,0,0,1,0,0,0,0,0,0
16.1366,0,0,-0.645669,-0.464567,1,0,0,0,0,0,0,0,1,0,0,0,0,0,0
16.1563,0,0,-0.645669,-0.456693,1,0,0,0,0,0,0,0,1,0,0,0,0,0,0
16.1761,0,0,-0.645669,-0.456693,1,0,0,0,0,0,0,0,1,0,0,0,0,0,0
16.1962,0,0,-0.653543,-0.456693,1,0,0,0,0,0,0,0,1,0,0,0,0,0,0
16.216,0,0,-0.653543,-0.456693,1,0,0,0,0,0,0,0,1,0,0,0,0,0,0
16.2361,0,0,-0.653543,-0.456693,1,0,0,0,0,0,0,0,1,0,0,0,0,0,0
16.256,0,0,-0.637795,-0.385827,1,0,0,0,0,0,0,0,1,0,0,0,0,0,0
16.276,0,0,-0.574803,-0.259843,1,0,0,0,0,0,0,0,1,0,0,0,0,0,0
16.2961,0,0,-0.480315,-0.11811,1,0,0,0,0,0,0,0,1,0,0,0,0,0,0
16.316,0,0,-0.0787402,0,1,0,0,0,0,0,0,0,1,0,0,0,0,0,0
16.336,0,0,0,0,1,0,0,0,0,0,0,0,0,0,0,0,0,0,0
16.356,0,0,0,0,1,0,0,0,0,0,0,0,0,0,0,0,0,0,0
16.3768,0,0,0,0,1,0,0,0,0,0,0,0,0,0,0,0,0,0,0
16.3968,0,0,0,0,1,0,0,0,0,0,0,0,0,0,0,0,0,0,0
16.4167,0,0,0,0,1,0,0,0,0,0,0,0,0,0,0,0,0,0,0
16.4367,0,0,0,0,1,0,0,0,0,0,0,0,0,0,0,0,0,0,0
16.4566,0,0,0,0,1,0,0,0,0,0,0,0,0,0,0,0,0,0,0
16.4766,0,0,0,0,1,0,0,0,0,0,0,0,0,0,0,0,0,0,0
16.4967,0,0,0,0,1,0,0,0,0,0,0,0,0,0,0,0,0,0,0
16.5168,0,0,0,0,1,0,0,0,0,0,0,0,0,0,0,0,0,0,0
16.5371,0,0,0,0,1,0,0,0,0,0,0,0,0,0,0,0,0,0,0
16.5566,0,0,0,0,1,0,0,0,0,0,0,0,0,0,0,0,0,0,0
16.5767,0,0,0,0,1,0,0,0,0,0,0,0,0,0,0,0,0,0,0
16.5965,0,0,0,0,1,0,0,0,0,0,0,0,0,0,0,0,0,0,0
16.6165,0,0,0,0,1,0,0,0,0,0,0,0,0,0,0,0,0,0,0
16.6365,0,0,0,0,1,0,0,0,0,0,0,0,0,0,0,0,0,0,0
16.6565,0,0,0,0,1,0,0,0,0,0,0,0,0,0,0,0,0,0,0
16.6765,0,0,0,0,1,0,0,0,0,0,0,0,0,0,0,0,0,0,0
16.6965,0,0,0,0,1,0,0,0,0,0,0,0,0,0,0,0,0,0,0
16.7169,0,0,0,0,1,0,0,0,0,0,0,0,0,0,0,0,0,0,0
16.7368,0,0,0,0,1,0,0,0,0,0,0,0,0,0,0,0,0,0,0
16.7564,0,0,0,0,1,0,0,0,0,0,0,0,0,0,0,0,0,0,0
16.7764,0,0,0,0,1,0,0,0,0,0,0,0,0,0,0,0,0,0,0
16.7964,0,0,0,0,1,0,0,0,0,0,0,0,0,0,0,0,0,0,0
16.8172,0,0,0,0,1,0,0,0,0,0,0,0,0,0,0,0,0,0,0
16.8373,0,0,0,0,1,0,0,0,0,0,0,0,0,0,0,0,0,0,0
16.8572,0,0,0,0,1,0,0,0,0,0,0,0,0,0,0,0,0,0,0
16.8772,0,0,0,0,1,0,0,0,0,0,0,0,0,0,0,0,0,0,0
16.8977,0,0,0,0,1,0,0,0,0,0,0,0,0,0,0,0,0,0,0
16.9176,0,0,0,0,1,0,0,0,0,0,0,0,0,0,0,0,0,0,0
16.9373,0,0,0,0,1,0,0,0,0,0,0,0,0,0,0,0,0,0,0
16.9571,0,0,0,0,1,0,0,0,0,0,0,0,0,0,0,0,0,0,0
16.9771,0,0,0,0,1,0,0,0,0,0,0,0,0,0,0,0,0,0,0
16.9972,0,0,0,0,1,0,0,0,0,0,0,0,0,0,0,0,0,0,0
17.017,0,0,0,0,1,0,0,0,0,0,0,0,0,0,0,0,0,0,0
17.0372,0,0,0,0,1,0,0,0,0,0,0,0,0,0,0,0,0,0,0
17.0571,0,0,0,0,1,0,0,0,0,0,0,0,0,0,0,0,0,0,0
17.0772,0,0,0,0,1,0,0,0,0,0,0,0,0,0,0,0,0,0,0
17.097,0,0,0,0,1,0,0,0,0,0,0,0,0,0,0,0,0,0,0
17.1168,0,0,0,0,1,0,0,0,0,0,0,0,0,0,0,0,0,0,0
17.1368,0,0,0,0,1,0,0,0,0,0,0,0,0,0,0,0,0,0,0
17.1569,0,0,0,0,1,0,0,0,0,0,0,0,0,0,0,0,0,0,0
17.1768,0,0,0,0,1,0,0,0,0,0,0,0,0,0,0,0,0,0,0
17.1973,0,0,0,0,1,0,0,0,0,0,0,0,0,0,0,0,0,0,0
17.2172,0,0,0,0,1,0,0,0,0,0,0,0,0,0,0,0,0,0,0
17.2377,0,0,0,0,1,0,0,0,0,0,0,0,0,0,0,0,0,0,0
17.2578,0,0,0,0,1,0,0,0,0,0,0,0,0,0,0,0,0,0,0
17.2778,0,0,0,0,1,0,0,0,0,0,0,0,0,0,0,0,0,0,0
17.2977,0,0,0,0,1,0,0,0,0,0,0,0,0,0,0,0,0,0,0
17.3177,0,0,-0.0866142,0,1,0,0,0,0,0,0,0,1,0,0,0,0,0,0
17.3376,0,0,-0.267717,0,1,0,0,0,0,0,0,0,1,0,0,0,0,0,0
17.3576,0,0,-0.330709,0,1,0,0,0,0,0,0,0,1,0,0,0,0,0,0
17.3775,0,0,-0.385827,0,1,0,0,0,0,0,0,0,1,0,0,0,0,0,0
17.3975,0,0,-0.480315,0,1,0,0,0,0,0,0,0,1,0,0,0,0,0,0
17.4175,0,0,-0.559055,0,1,0,0,0,0,0,0,0,1,0,0,0,0,0,0
17.4375,0,0,-0.637795,0,1,0,0,0,0,0,0,0,1,0,0,0,0,0,0
17.4574,0,0,-0.716535,0,1,0,0,0,0,0,0,0,1,0,0,0,0,0,0
17.4775,0,0,-0.724409,0,1,0,0,0,0,0,0,0,1,0,0,0,0,0,0
17.4977,0,0,-0.724409,0,1,0,0,0,0,0,0,0,1,0,0,0,0,0,0
17.5175,0,0,-0.732283,0,1,0,0,0,0,0,0,0,1,0,0,0,0,0,0
17.5374,0,0,-0.732283,0,1,0,0,0,0,0,0,0,1,0,0,0,0,0,0
17.5573,0,0,-0.732283,0,1,0,0,0,0,0,0,0,1,0,0,0,0,0,0
17.5773,0,0,-0.724409,0,1,0,0,0,0,0,0,0,1,0,0,0,0,0,0
17.5972,0,0,-0.724409,0,1,0,0,0,0,0,0,0,1,0,0,0,0,0,0
17.6171,0,0,-0.724409,0,1,0,0,0,0,0,0,0,1,0,0,0,0,0,0
17.6381,0,0,-0.724409,0,1,0,0,0,0,0,0,0,1,0,0,0,0,0,0
17.658,0,0,-0.724409,0,1,0,0,0,0,0,0,0,1,0,0,0,0,0,0
17.678,0,0,-0.724409,0,1,0,0,0,0,0,0,0,1,0,0,0,0,0,0
17.6982,0,0,-0.724409,0,1,0,0,0,0,0,0,0,1,0,0,0,0,0,0
17.718,0,0,-0.724409,0,1,0,0,0,0,0,0,0,1,0,0,0,0,0,0
17.7379,0,0,-0.724409,0,1,0,0,0,0,0,0,0,1,0,0,0,0,0,0
17.7579,0,0,-0.724409,0,1,0,0,0,0,0,0,0,1,0,0,0,0,0,0
17.7778,0,0,-0.724409,0,1,0,0,0,0,0,0,0,1,0,0,0,0,0,0
17.798,0,0,-0.724409,0,1,0,0,0,0,0,0,0,1,0,0,0,0,0,0
17.8178,0,0,-0.724409,0,1,0,0,0,0,0,0,0,1,0,0,0,0,0,0
17.8379,0,0,-0.724409,0,1,0,0,0,0,0,0,0,1,0,0,0,0,0,0
17.8579,0,0,-0.724409,0,1,0,0,0,0,0,0,0,1,0,0,0,0,0,0
17.8778,0,0,-0.724409,0,1,0,0,0,0,0,0,0,1,0,0,0,0,0,0
17.8979,0,0,-0.724409,0,1,0,0,0,0,0,0,0,1,0,0,0,0,0,0
17.9178,0,0,-0.724409,0,1,0,0,0,0,0,0,0,1,0,0,0,0,0,0
17.9377,0,0,-0.724409,0,1,0,0,0,0,0,0,0,1,0,0,0,0,0,0
17.9577,0,0,-0.724409,0,1,0,0,0,0,0,0,0,1,0,0,0,0,0,0
17.9785,0,0,-0.724409,0,1,0,0,0,0,0,0,0,1,0,0,0,0,0,0
17.9977,0,0,-0.708661,0,1,0,0,0,0,0,0,0,1,0,0,0,0,0,0
18.0177,0,0,-0.629921,0,1,0,0,0,0,0,0,0,1,0,0,0,0,0,0
18.0376,0,0,-0.511811,0,1,0,0,0,0,0,0,0,1,0,0,0,0,0,0
18.0576,0,0,-0.149606,0,1,0,0,0,0,0,0,0,1,0,0,0,0,0,0
18.0776,0,0,-0.0551181,0,1,0,0,0,0,0,0,0,1,0,0,0,0,0,0
18.0984,0,0,0,0,1,0,0,0,0,0,0,0,0,0,0,0,0,0,0
18.1184,0,0,0,0,1,0,0,0,0,0,0,0,0,0,0,0,0,0,0
18.1384,0,0,0,0,1,0,0,0,0,0,0,0,0,0,0,0,0,0,0
18.1585,0,0,0,0,1,0,0,0,0,0,0,0,0,0,0,0,0,0,0
18.1783,0,0,0,0,1,0,0,0,0,0,0,0,0,0,0,0,0,0,0
18.1984,0,0,0,0,1,0,0,0,0,0,0,0,0,0,0,0,0,0,0
18.2185,0,0,0,0,1,0,0,0,0,0,0,0,0,0,0,0,0,0,0
18.2384,0,0,0,0,1,0,0,0,0,0,0,0,0,0,0,0,0,0,0
18.2583,0,0,0,0,1,0,0,0,0,0,0,0,0,0,0,0,0,0,0
18.2787,0,0,0,0,1,0,0,0,0,0,0,0,0,0,0,0,0,0,0
18.2987,0,0,0,0,1,0,0,0,0,0,0,0,0,0,0,0,0,0,0
18.3183,0,0,0,0,1,0,0,0,0,0,0,0,0,0,0,0,0,0,0
18.3383,0,0,0,0,1,0,0,0,0,0,0,0,0,0,0,0,0,0,0
18.3582,0,0,0,0,1,0,0,0,0,0,0,0,0,0,0,0,0,0,0
18.3781,0,0,0,0,1,0,0,0,0,0,0,0,0,0,0,0,0,0,0
18.3982,0,0,0,0,1,0,0,0,0,0,0,0,0,0,0,0,0,0,0
18.418,0,0,0,0,1,0,0,0,0,0,0,0,0,0,0,0,0,0,0
18.4382,0,0,0,0,1,0,0,0,0,0,0,0,0,0,0,0,0,0,0
18.458,0,0,0,0,1,0,0,0,0,0,0,0,0,0,0,0,0,0,0
18.4779,0,0,0,0,1,0,0,0,0,0,0,0,0,0,0,0,0,0,0
18.4981,0,0,0,0,1,0,0,0,0,0,0,0,0,0,0,0,0,0,0
18.519,0,0,0,0,1,0,0,0,0,0,0,0,0,0,0,0,0,0,0
18.539,0,0,0,0,1,0,0,0,0,0,0,0,0,0,0,0,0,0,0
18.5588,0,0,0,0,1,0,0,0,0,0,0,0,0,0,0,0,0,0,0
18.5788,0,0,0,0,1,0,0,0,0,0,0,0,0,0,0,0,0,0,0
18.5989,0,0,0,0,1,0,0,0,0,0,0,0,0,0,0,0,0,0,0
18.6188,0,0,0,0,1,0,0,0,0,0,0,0,0,0,0,0,0,0,0
18.6388,0,0,0,0,1,0,0,0,0,0,0,0,0,0,0,0,0,0,0
18.6589,0,0,0,0,1,0,0,0,0,0,0,0,0,0,0,0,0,0,0
18.6787,0,0,0,0,1,0,0,0,0,0,0,0,0,0,0,0,0,0,0
18.6988,0,0,0,0,1,0,0,0,0,0,0,0,0,0,0,0,0,0,0
18.7188,0,0,0,0,1,0,0,0,0,0,0,0,0,0,0,0,0,0,0
18.7386,0,0,0,0,1,0,0,0,0,0,0,0,0,0,0,0,0,0,0
18.7586,0,0,0,0,1,0,0,0,0,0,0,0,0,0,0,0,0,0,0
18.7786,0,0,0,0,1,0,0,0,0,0,0,0,0,0,0,0,0,0,0
18.7987,0,0,0,0,1,0,0,0,0,0,0,0,0,0,0,0,0,0,0
18.8187,0,0,0,0,1,0,0,0,0,0,0,0,0,0,0,0,0,0,0
18.8386,0,0,0,0,1,0,0,0,0,0,0,0,0,0,0,0,0,0,0
18.8586,0,0,0,0,1,0,0,0,0,0,0,0,0,0,0,0,0,0,0
18.8785,0,0,0.0472441,0,1,0,0,0,0,0,0,0,0,0,0,0,0,0,0
18.8984,0,0,0.141732,0,1,0,0,0,0,0,0,0,1,0,0,0,0,0,0
18.9185,0,0,0.173228,0,1,0,0,0,0,0,0,0,1,0,0,0,0,0,0
18.9393,0,0,0.19685,0,1,0,0,0,0,0,0,0,1,0,0,0,0,0,0
18.9593,0,0,0.220472,0,1,0,0,0,0,0,0,0,1,0,0,0,0,0,0
18.9794,0,0,0.23622,0,1,0,0,0,0,0,0,0,1,0,0,0,0,0,0
18.9992,0,0,0.259843,0,1,0,0,0,0,0,0,0,1,0,0,0,0,0,0
19.0193,0,0,0.307087,0,1,0,0,0,0,0,0,0,1,0,0,0,0,0,0
19.0393,0,0,0.322835,0,1,0,0,0,0,0,0,0,1,0,0,0,0,0,0
19.0592,0,0,0.338583,0,1,0,0,0,0,0,0,0,1,0,0,0,0,0,0
19.0791,0,0,0.401575,0,1,0,0,0,0,0,0,0,1,0,0,0,0,0,0
19.0996,0,0,0.448819,0,1,0,0,0,0,0,0,0,1,0,0,0,0,0,0
19.1192,0,0,0.503937,0,1,0,0,0,0,0,0,0,1,0,0,0,0,0,0
19.1391,0,0,0.606299,0,1,0,0,0,0,0,0,0,1,0,0,0,0,0,0
19.1591,0,0,0.669291,0,1,0,0,0,0,0,0,0,1,0,0,0,0,0,0
19.179,0,0,0.732283,0,1,0,0,0,0,0,0,0,1,0,0,0,0,0,0
19.1991,0,0,0.80315,0,1,0,0,0,0,0,0,0,1,0,0,0,0,0,0
19.2189,0,0,0.811024,0,1,0,0,0,0,0,0,0,1,0,0,0,0,0,0
19.239,0,0,0.818898,0,1,0,0,0,0,0,0,0,1,0,0,0,0,0,0
19.2589,0,0,0.818898,0,1,0,0,0,0,0,0,0,1,0,0,0,0,0,0
19.2789,0,0,0.818898,0,1,0,0,0,0,0,0,0,1,0,0,0,0,0,0
19.2989,0,0,0.818898,0,1,0,0,0,0,0,0,0,1,0,0,0,0,0,0
19.3188,0,0,0.834646,0,1,0,0,0,0,0,0,0,1,0,0,0,0,0,0
19.3388,0,0,0.84252,0,1,0,0,0,0,0,0,0,1,0,0,0,0,0,0
19.3598,0,0,0.858268,0,1,0,0,0,0,0,0,0,1,0,0,0,0,0,0
19.3798,0,0,0.858268,0,1,0,0,0,0,0,0,0,1,0,0,0,0,0,0
19.4001,0,0,0.866142,0,1,0,0,0,0,0,0,0,1,0,0,0,0,0,0
19.42,0,0,0.866142,0,1,0,0,0,0,0,0,0,1,0,0,0,0,0,0
19.4396,0,0,0.866142,0,1,0,0,0,0,0,0,0,1,0,0,0,0,0,0
19.4597,0,0,0.866142,0,1,0,0,0,0,0,0,0,1,0,0,0,0,0,0
19.4797,0,0,0.866142,0,1,0,0,0,0,0,0,0,1,0,0,0,0,0,0
19.4996,0,0,0.866142,0,1,0,0,0,0,0,0,0,1,0,0,0,0,0,0
19.5197,0,0,0.866142,0,1,0,0,0,0,0,0,0,1,0,0,0,0,0,0
19.5394,0,0,0.866142,0,1,0,0,0,0,0,0,0,1,0,0,0,0,0,0
19.5596,0,0,0.866142,0,1,0,0,0,0,0,0,0,1,0,0,0,0,0,0
19.5796,0,0,0.866142,0,1,0,0,0,0,0,0,0,1,0,0,0,0,0,0
19.5995,0,0,0.866142,0,1,0,0,0,0,0,0,0,1,0,0,0,0,0,0
19.6195,0,0,0.866142,0,1,0,0,0,0,0,0,0,1,0,0,0,0,0,0
19.6398,0,0,0.866142,0,1,0,0,0,0,0,0,0,1,0,0,0,0,0,0
19.6598,0,0,0.866142,0,1,0,0,0,0,0,0,0,1,0,0,0,0,0,0
19.6793,0,0,0.866142,0,1,0,0,0,0,0,0,0,1,0,0,0,0,0,0
19.6993,0,0,0.866142,0,1,0,0,0,0,0,0,0,1,0,0,0,0,0,0
19.7194,0,0,0.866142,0,1,0,0,0,0,0,0,0,1,0,0,0,0,0,0
19.7392,0,0,0.866142,0,1,0,0,0,0,0,0,0,1,0,0,0,0,0,0
19.7593,0,0,0.866142,0,1,0,0,0,0,0,0,0,1,0,0,0,0,0,0
19.7791,0,0,0.866142,0,1,0,0,0,0,0,0,0,1,0,0,0,0,0,0
19.7996,0,0,0.866142,0,1,0,0,0,0,0,0,0,1,0,0,0,0,0,0
19.8204,0,0,0.866142,0,1,0,0,0,0,0,0,0,1,0,0,0,0,0,0
19.84,0,0,0.866142,0,1,0,0,0,0,0,0,0,1,0,0,0,0,0,0
19.8601,0,0,0.866142,0,1,0,0,0,0,0,0,0,1,0,0,0,0,0,0
19.8802,0,0,0.866142,0,1,0,0,0,0,0,0,0,1,0,0,0,0,0,0
19.9,0,0,0.866142,0,1,0,0,0,0,0,0,0,1,0,0,0,0,0,0
19.92,0,0,0.866142,0,1,0,0,0,0,0,0,0,1,0,0,0,0,0,0
19.94,0,0,0.850394,0,1,0,0,0,0,0,0,0,1,0,0,0,0,0,0
19.96,0,0,0.826772,0,1,0,0,0,0,0,0,0,1,0,0,0,0,0,0
19.98,0,0,0.629921,0,1,0,0,0,0,0,0,0,1,0,0,0,0,0,0
19.9999,0,0,0.566929,0,1,0,0,0,0,0,0,0,1,0,0,0,0,0,0
20.0198,0,0,0.511811,0,1,0,0,0,0,0,0,0,1,0,0,0,0,0,0
20.0398,0,0,0.370079,0,1,0,0,0,0,0,0,0,1,0,0,0,0,0,0
20.0599,0,0,0.338583,0,1,0,0,0,0,0,0,0,1,0,0,0,0,0,0
20.0797,0,0,0.307087,0,1,0,0,0,0,0,0,0,1,0,0,0,0,0,0
20.0998,0,0,0.259843,0,1,0,0,0,0,0,0,0,1,0,0,0,0,0,0
20.1197,0,0,0.15748,0,1,0,0,0,0,0,0,0,1,0,0,0,0,0,0
20.1397,0,0,0.0551181,0,1,0,0,0,0,0,0,0,1,0,0,0,0,0,0
20.1598,0,0,0,0,1,0,0,0,0,0,0,0,0,0,0,0,0,0,0
20.1796,0,0,0,0,1,0,0,0,0,0,0,0,0,0,0,0,0,0,0
20.1997,0,0,0,0,1,0,0,0,0,0,0,0,0,0,0,0,0,0,0
20.2198,0,0,0,0,1,0,0,0,0,0,0,0,0,0,0,0,0,0,0
20.24,0,0,0,0,1,0,0,0,0,0,0,0,0,0,0,0,0,0,0
20.261,0,0,0,0,1,0,0,0,0,0,0,0,0,0,0,0,0,0,0
20.2806,0,0,0,0,1,0,0,0,0,0,0,0,0,0,0,0,0,0,0
20.3005,0,0,0,0,1,0,0,0,0,0,0,0,0,0,0,0,0,0,0
20.3205,0,0,0,0,1,0,0,0,0,0,0,0,0,0,0,0,0,0,0
20.3404,0,0,0,0,1,0,0,0,0,0,0,0,0,0,0,0,0,0,0
20.3606,0,0,0,0,1,0,0,0,0,0,0,0,0,0,0,0,0,0,0
20.3804,0,0,0,0,1,0,0,0,0,0,0,0,0,0,0,0,0,0,0
20.4004,0,0,0,0,1,0,0,0,0,0,0,0,0,0,0,0,0,0,0
20.4205,0,0,0,0,1,0,0,0,0,0,0,0,0,0,0,0,0,0,0
20.4404,0,0,0,0,1,0,0,0,0,0,0,0,0,0,0,0,0,0,0
20.4605,0,0,0,0,1,0,0,0,0,0,0,0,0,0,0,0,0,0,0
20.4804,0,0,0,0,1,0,0,0,0,0,0,0,0,0,0,0,0,0,0
20.5003,0,0,0,0,1,0,0,0,0,0,0,0,0,0,0,0,0,0,0
20.5203,0,0,0,0,1,0,0,0,0,0,0,0,0,0,0,0,0,0,0
20.5402,0,0,0,0,1,0,0,0,0,0,0,0,0,0,0,0,0,0,0
20.5603,0,0,0,0,1,0,0,0,0,0,0,0,0,0,0,0,0,0,0
20.5802,0,0,0,0,1,0,0,0,0,0,0,0,0,0,0,0,0,0,0
20.6361,0,0,0,0,1,0,0,0,0,1,0,0,0,0,0,0,0,0,0
20.6541,0,0,0,0,1,0,0,0,0,1,0,0,0,0,0,0,0,0,0
20.6731,0,0,0,0,1,0,0,0,0,1,0,0,0,0,0,0,0,0,0
20.6909,0,0,0,0,1,0,0,0,0,1,0,0,0,0,0,0,0,0,0
20.709,0,0,0,0,1,0,0,0,0,1,0,0,0,0,0,0,0,0,0
20.7283,0,0,0,0,1,0,0,0,0,1,0,0,0,0,0,0,0,0,0
20.7462,0,0,0,0,1,0,0,0,0,1,0,0,0,0,0,0,0,0,0
20.7649,0,0,0,0,1,0,0,0,0,1,0,0,0,0,0,0,0,0,0
20.783,0,0,0,0,1,0,0,0,0,1,0,0,0,0,0,0,0,0,0
20.8009,0,0,0,0,1,0,0,0,0,1,0,0,0,0,0,0,0,0,0
20.8197,0,0,0,0,1,0,0,0,0,1,0,0,0,0,0,0,0,0,0
20.8387,0,0,0,0,1,0,0,0,0,1,0,0,0,0,0,0,0,0,0
20.8567,0,0,0,0,1,0,0,0,0,1,0,0,0,0,0,0,0,0,0
20.8747,0,0,0,0,1,0,0,0,0,1,0,0,0,0,0,0,0,0,0
20.8938,0,0,0,0,1,0,0,0,0,1,0,0,0,0,0,0,0,0,0
20.9118,0,0,0,0,1,0,0,0,0,1,0,0,0,0,0,0,0,0,0
20.93,0,0,0,0,1,0,0,0,0,1,0,0,0,0,0,0,0,0,0
20.9486,0,0,0,0,1,0,0,0,0,1,0,0,0,0,0,0,0,0,0
20.9677,0,0,0,0,1,0,0,0,0,1,0,0,0,0,0,0,0,0,0
20.9855,0,0,0,0,1,0,0,0,0,1,0,0,0,0,0,0,0,0,0
21.0035,0,0,0,0,1,0,0,0,0,1,0,0,0,0,0,0,0,0,0
21.0226,0,0,0,0,1,0,0,0,0,1,0,0,0,0,0,0,0,0,0
21.0405,0,0,0,0,1,0,0,0,0,1,0,0,0,0,0,0,0,0,0
21.0596,0,0,0,0,1,0,0,0,0,1,0,0,0,0,0,0,0,0,0
21.0775,0,0,0,0,1,0,0,0,0,1,0,0,0,0,0,0,0,0,0
21.0954,0,0,0,0,1,0,0,0,0,1,0,0,0,0,0,0,0,0,0
21.1144,0,0,0,0,1,0,0,0,0,1,0,0,0,0,0,0,0,0,0
21.1324,0,0,0,0,1,0,0,0,0,1,0,0,0,0,0,0,0,0,0
21.1513,0,0,0,0,1,0,0,0,0,1,0,0,0,0,0,0,0,0,0
21.1694,0,0,0,0,1,0,0,0,0,1,0,0,0,0,0,0,0,0,0
21.1873,0,0,0,0,1,0,0,0,0,1,0,0,0,0,0,0,0,0,0
21.2062,0,0,0,0,1,0,0,0,0,1,0,0,0,0,0,0,0,0,0
21.2252,0,0,0,0,1,0,0,0,0,1,0,0,0,0,0,0,0,0,0
21.2432,0,0,0,0,1,0,0,0,0,1,0,0,0,0,0,0,0,0,0
21.2613,0,0,0,0,1,0,0,0,0,1,0,0,0,0,0,0,0,0,0
21.28,0,0,0,0,1,0,0,0,0,1,0,0,0,0,0,0,0,0,0
21.298,0,0,0,0,1,0,0,0,0,1,0,0,0,0,0,0,0,0,0
21.3172,0,0,0,0,1,0,0,0,0,1,0,0,0,0,0,0,0,0,0
21.3351,0,0,0,0,1,0,0,0,0,1,0,0,0,0,0,0,0,0,0
21.3539,0,0,0,0,1,0,0,0,0,1,0,0,0,0,0,0,0,0,0
21.372,0,0,0,0,1,0,0,0,0,1,0,0,0,0,0,0,0,0,0
21.391,0,0,0,0,1,0,0,0,0,1,0,0,0,0,0,0,0,0,0
21.4091,0,0,0,0,1,0,0,0,0,1,0,0,0,0,0,0,0,0,0
21.4269,0,0,0,0,1,0,0,0,0,1,0,0,0,0,0,0,0,0,0
21.446,0,0,0,0,1,0,0,0,0,1,0,0,0,0,0,0,0,0,0
21.4648,0,0,0,0,1,0,0,0,0,1,0,0,0,0,0,0,0,0,0
21.4828,0,0,0,0,1,0,0,0,0,1,0,0,0,0,0,0,0,0,0
21.501,0,0,0,0,1,0,0,0,0,1,0,0,0,0,0,0,0,0,0
21.5188,0,0,0,0,1,0,0,0,0,1,0,0,0,0,0,0,0,0,0
21.5379,0,0,0,0,1,0,0,0,0,1,0,0,0,0,0,0,0,0,0
21.5567,0,0,0,0,1,0,0,0,0,1,0,0,0,0,0,0,0,0,0
21.5747,0,0,0,0,1,0,0,0,0,1,0,0,0,0,0,0,0,0,0
21.5927,0,0,0,0,1,0,0,0,0,1,0,0,0,0,0,0,0,0,0
21.6117,0,0,0,0,1,0,0,0,0,1,0,0,0,0,0,0,0,0,0
21.6446,0,0,0,0,-1,0,1,0,0,0,0,0,0,0,0,0,0,0,0
21.6647,0,0,0,0,-1,0,1,0,0,0,0,0,0,0,0,0,0,0,0
21.6846,0,0,0,0,-1,0,1,0,0,0,0,0,0,0,0,0,0,0,0
21.7045,0,0,0,0,-1,0,1,0,0,0,0,0,0,0,0,0,0,0,0
21.7246,0,0,0,0,-1,0,1,0,0,0,0,0,0,0,0,0,0,0,0
21.7445,0,0,0,0,-1,0,1,0,0,0,0,0,0,0,0,0,0,0,0
21.7646,0,0,0,0,-1,0,1,0,0,0,0,0,0,0,0,0,0,0,0
21.7844,0,0,0,0,-1,0,1,0,0,0,0,0,0,0,0,0,0,0,0
21.8046,0,0,0,0,-1,0,1,0,0,0,0,0,0,0,0,0,0,0,0
21.8246,0,0,0,0,-1,0,1,0,0,0,0,0,0,0,0,0,0,0,0
21.8444,0,0,0,0,-1,0,1,0,0,0,0,0,0,0,0,0,0,0,0
21.8643,0,0,0,0,-1,0,1,0,0,0,0,0,0,0,0,0,0,0,0
21.8843,0,0,0,0,-1,0,1,0,0,0,0,0,0,0,0,0,0,0,0
21.9042,0,0,0,0,-1,0,1,0,0,0,0,0,0,0,0,0,0,0,0
21.9244,0,0,0,0,-1,0,1,0,0,0,0,0,0,0,0,0,0,0,0
21.9442,0,0,0,0,-1,0,1,0,0,0,0,0,0,0,0,0,0,0,0
21.9651,0,0,0,0,-1,0,1,0,0,0,0,0,0,0,0,0,0,0,0
21.9852,0,0,0,0,-1,0,1,0,0,0,0,0,0,0,0,0,0,0,0
22.0051,0,0,0,0,-1,0,1,0,0,0,0,0,0,0,0,0,0,0,0
22.0252,0,0,0,0,-1,0,1,0,0,0,0,0,0,0,0,0,0,0,0
22.045,0,0,0,0,-1,0,1,0,0,0,0,0,0,0,0,0,0,0,0
22.0651,0,0,0,0,-1,0,1,0,0,0,0,0,0,0,0,0,0,0,0
22.0849,0,0,0,0,-1,0,1,0,0,0,0,0,0,0,0,0,0,0,0
22.105,0,0,0,0,-1,0,1,0,0,0,0,0,0,0,0,0,0,0,0
22.1251,0,0,0,0,-1,0,1,0,0,0,0,0,0,0,0,0,0,0,0
22.1449,0,0,0,0,1,0,0,0,0,0,0,0,0,0,0,0,0,0,0
22.165,0,0,0,0,1,0,0,0,0,0,0,0,0,0,0,0,0,0,0
22.1849,0,0,0,0,1,0,0,0,0,0,0,0,0,0,0,0,0,0,0
22.2049,0,0,0,0,1,0,0,0,0,0,0,0,0,0,0,0,0,0,0
22.2248,0,0,0,0,1,0,0,0,0,0,0,0,0,0,0,0,0,0,0
22.2448,0,0,0,0,1,0,0,0,0,0,0,0,0,0,0,0,0,0,0
22.2648,0,0,0,0,1,0,0,0,0,0,0,0,0,0,0,0,0,0,0
22.2848,0,0,0,0,1,0,0,0,0,0,0,0,0,0,0,0,0,0,0
22.3048,0,0,0,0,1,0,0,0,0,0,0,0,0,0,0,0,0,0,0
22.3247,0,0,0,0,1,0,0,0,0,0,0,0,0,0,0,0,0,0,0
22.3446,0,0,0,0,1,0,0,0,0,0,0,0,0,0,0,0,0,0,0
22.3651,0,0,0,0,1,0,0,0,0,0,0,0,0,0,0,0,0,0,0
22.3857,0,0,0,0,1,0,0,0,0,0,0,0,0,0,0,0,0,0,0
22.4056,0,0,0,0,1,0,0,0,0,0,0,0,0,0,0,0,0,0,0
22.4255,0,0,0,0,1,0,0,0,0,0,0,0,0,0,0,0,0,0,0
22.4454,0,0,0,0,1,0,0,0,0,0,0,0,0,0,0,0,0,0,0
22.4655,0,0,0,0,1,0,0,0,0,0,0,0,0,0,0,0,0,0,0
22.4854,0,0,0,0,1,0,0,0,0,0,0,0,0,0,0,0,0,0,0
22.5055,0,0,0,0,1,0,0,0,0,0,0,0,0,0,0,0,0,0,0
22.5255,0,0,0,0,1,0,0,0,0,0,0,0,0,0,0,0,0,0,0
22.5453,0,0,0,0,1,0,0,0,0,0,0,0,0,0,0,0,0,0,0
22.5654,0,0,0,0,1,0,0,0,0,0,0,0,0,0,0,0,0,0,0
22.5854,0,0,0,0,1,0,0,0,0,0,0,0,0,0,0,0,0,0,0
22.6054,0,0,0,0,1,0,0,0,0,0,0,0,0,0,0,0,0,0,0
22.6255,0,0,0,0,1,0,0,0,0,0,0,0,0,0,0,0,0,0,0
22.6453,0,0,0,0,1,0,0,0,0,0,0,0,0,0,0,0,0,0,0
22.6653,0,0,0,0,1,0,0,0,0,0,0,0,0,0,0,0,0,0,0
22.6852,0,0,0,0,1,0,0,0,0,0,0,0,0,0,0,0,0,0,0
22.7051,0,0,0,0,1,0,0,0,0,0,0,0,0,0,0,0,0,0,0
22.7252,0,0,0,0,1,0,0,0,0,0,0,0,0,0,0,0,0,0,0
22.7451,0,0,0,0,1,0,0,0,0,0,0,0,0,0,0,0,0,0,0
22.765,0,0,0,0,1,0,0,0,0,0,0,0,0,0,0,0,0,0,0
22.7852,0,0,0,0,1,0,0,0,0,0,0,0,0,0,0,0,0,0,0
22.8051,0,0,0,0,1,0,0,0,0,0,0,0,0,0,0,0,0,0,0
22.8261,0,0,0,0,1,0,0,0,0,0,0,0,0,0,0,0,0,0,0
22.8459,0,0,0,0,1,0,0,0,0,0,0,0,0,0,0,0,0,0,0
22.8659,0,0,0,0,1,0,0,0,0,0,0,0,0,0,0,0,0,0,0
22.886,0,0,0,0,1,0,0,0,0,0,0,0,0,0,0,0,0,0,0
22.9059,0,0,0,0,1,0,0,0,0,0,0,0,0,0,0,0,0,0,0
22.9259,0,0,0,0,1,0,0,0,0,0,0,0,0,0,0,0,0,0,0
22.9459,0,0,0,0,1,0,0,0,0,0,0,0,0,0,0,0,0,0,0
22.9658,0,0,0,0,1,0,0,0,0,0,0,0,0,0,0,0,0,0,0
22.9857,0,0,0,0,1,0,0,0,0,0,0,0,0,0,0,0,0,0,0
23.0062,0,0,0,0,1,0,0,0,0,0,0,0,0,0,0,0,0,0,0
23.0259,0,0,0,0,1,0,0,0,0,0,0,0,0,0,0,0,0,0,0
23.0457,0,0,0,0,1,0,0,0,0,0,0,0,0,0,0,0,0,0,0
23.0656,0,0,0,0,1,0,0,0,0,0,0,0,0,0,0,0,0,0,0
23.0856,0,0,0,0,1,0,0,0,0,0,0,0,0,0,0,0,0,0,0
23.1056,0,0,0,0,1,0,0,0,0,0,0,0,0,0,0,0,0,0,0
23.1256,0,0,0,0,1,0,0,0,0,0,0,0,0,0,0,0,0,0,0
23.1455,0,0,0,0,1,0,0,0,0,0,0,0,0,0,0,0,0,0,0
23.1656,0,0,0,0,1,0,0,0,0,0,0,0,0,0,0,0,0,0,0
23.1854,0,0,0,0,1,0,0,0,0,0,0,0,0,0,0,0,0,0,0
23.2055,0,0,0,0,1,0,0,0,0,0,0,0,0,0,0,0,0,0,0
23.2255,0,0,0,0,1,0,0,0,0,0,0,0,0,0,0,0,0,0,0
23.2455,0,0,0,0,1,0,0,0,0,0,0,0,0,0,0,0,0,0,0
23.2656,0,0,0,0,1,0,0,0,0,0,0,0,0,0,0,0,0,0,0
23.2864,0,0,0,0,1,0,0,0,0,0,0,0,0,0,0,0,0,0,0
23.3064,0,0,0,0,1,0,0,0,0,0,0,0,0,0,0,0,0,0,0
23.3265,0,0,0,0,1,0,0,0,0,0,0,0,0,0,0,0,0,0,0
23.3462,0,0,0,0,1,0,0,0,0,0,0,0,0,0,0,0,0,0,0
23.3664,0,0,0,0,1,0,0,0,0,0,0,0,0,0,0,0,0,0,0
23.3863,0,0,0,0,1,0,0,0,0,0,0,0,0,0,0,0,0,0,0
23.4064,0,0,0,0,1,0,0,0,0,0,0,0,0,0,0,0,0,0,0
23.4265,0,0,0,0,1,0,0,0,0,0,0,0,0,0,0,0,0,0,0
23.4462,0,0,0,0,1,0,0,0,0,0,0,0,0,0,0,0,0,0,0
23.4662,0,0,0,0,1,0,0,0,0,0,0,0,0,0,0,0,0,0,0
23.4861,0,0,0,0,1,0,0,0,0,0,0,0,0,0,0,0,0,0,0
23.5061,0,0,0,0,1,0,0,0,0,0,0,0,0,0,0,0,0,0,0
23.5261,0,0,0,0,1,0,0,0,0,0,0,0,0,0,0,0,0,0,0
23.546,0,0,0,0,1,0,0,0,0,0,0,0,0,0,0,0,0,0,0
23.5661,0,0,0,0,1,0,0,0,0,0,0,0,0,0,0,0,0,0,0
23.586,0,0,0,0,1,0,0,0,0,0,0,0,0,0,0,0,0,0,0
23.606,0,0,0,0,1,0,0,0,0,0,0,0,0,0,0,0,0,0,0
23.626,0,0,0,0,1,0,0,0,0,0,0,0,0,0,0,0,0,0,0
23.6459,0,0,0,0,1,0,0,0,0,0,0,0,0,0,0,0,0,0,0
23.6658,0,0,0,0,1,0,0,0,0,0,0,0,0,0,0,0,0,0,0
23.686,0,0,0,0,1,0,0,0,0,0,0,0,0,0,0,0,0,0,0
23.7068,0,0,0,0,1,0,0,0,0,0,0,0,0,0,0,0,0,0,0
23.7269,0,0,0,0,1,0,0,0,0,0,0,0,0,0,0,0,0,0,0
23.7467,0,0,0,0,1,0,0,0,0,0,0,0,0,0,0,0,0,0,0
23.7667,0,0,0,0,1,0,0,0,0,0,0,0,0,0,0,0,0,0,0
23.7868,0,0,0,0,1,0,0,0,0,0,0,0,0,0,0,0,0,0,0
23.8067,0,0,0,0,1,0,0,0,0,0,0,0,0,0,0,0,0,0,0
23.8267,0,0,0,0,1,0,0,0,0,0,0,0,0,0,0,0,0,0,0
23.8465,0,0,0,0,1,0,0,0,0,0,0,0,0,0,0,0,0,0,0
23.8665,0,0,0,0,1,0,0,0,0,0,0,0,0,0,0,0,0,0,0
23.8866,0,0,0,0,1,0,0,0,0,0,0,0,0,0,0,0,0,0,0
23.9066,0,0,0,0,1,0,0,0,0,0,0,0,0,0,0,0,0,0,0
23.9265,0,0,0,0,1,0,0,0,0,0,0,0,0,0,0,0,0,0,0
23.9464,0,0,0,0,1,0,0,0,0,0,0,0,0,0,0,0,0,0,0
23.9665,0,0,0,0,1,0,0,0,0,0,0,0,0,0,0,0,0,0,0
23.9864,0,0,0,0,1,0,0,0,0,0,0,0,0,0,0,0,0,0,0
24.0063,0,0,0,0,1,0,0,0,0,0,0,0,0,0,0,0,0,0,0
24.0264,0,0,0,0,1,0,0,0,0,0,0,0,0,0,0,0,0,0,0
24.0469,0,0,0,0,1,0,0,0,0,0,0,0,0,0,0,0,0,0,0
24.0666,0,0,0,0,1,0,0,0,0,0,0,0,0,0,0,0,0,0,0
24.0864,0,0,0,0,1,0,0,0,0,0,0,0,0,0,0,0,0,0,0
24.1063,0,0,0,0,1,0,0,0,0,0,0,0,0,0,0,0,0,0,0
24.1274,0,0,0,0,1,0,0,0,0,0,0,0,0,0,0,0,0,0,0
24.147,0,0,0,0,1,0,0,0,0,0,0,0,0,0,0,0,0,0,0
24.1671,0,0,0,0,1,0,0,0,0,0,0,0,0,0,0,0,0,0,0
24.1872,0,0,0,0,1,0,0,0,0,0,0,0,0,0,0,0,0,0,0
24.2072,0,0,0,0,1,0,0,0,0,0,0,0,0,0,0,0,0,0,0
24.227,0,0,0,0,1,0,0,0,0,0,0,0,0,0,0,0,0,0,0
24.2469,0,0,0,0,1,0,0,0,0,0,0,0,0,0,0,0,0,0,0
24.2671,0,0,0,0,1,0,0,0,0,0,0,0,0,0,0,0,0,0,0
24.287,0,0,0,0,1,0,0,0,0,0,0,0,0,0,0,0,0,0,0
24.307,0,0,0,0,1,0,0,0,0,0,0,0,0,0,0,0,0,0,0
24.3275,0,0,0,0,1,0,0,0,0,0,0,0,0,0,0,0,0,0,0
24.3474,0,0,0,0,1,0,0,0,0,0,0,0,0,0,0,0,0,0,0
24.3672,0,0,0,0,1,0,0,0,0,0,0,0,0,0,0,0,0,0,0
24.3869,0,0,0,0,1,0,0,0,0,0,0,0,0,0,0,0,0,0,0
24.407,0,0,0,0,1,0,0,0,0,0,0,0,0,0,0,0,0,0,0
24.427,0,0,0,0,1,0,0,0,0,0,0,0,0,0,0,0,0,0,0
24.4468,0,0,0,0,1,0,0,0,0,0,0,0,0,0,0,0,0,0,0
24.4667,0,0,0,0,1,0,0,0,0,0,0,0,0,0,0,0,0,0,0
24.4868,0,0,0,0,1,0,0,0,0,0,0,0,0,0,0,0,0,0,0
24.5068,0,0,0,0,1,0,0,0,0,0,0,0,0,0,0,0,0,0,0
24.5268,0,0,0,0,1,0,0,0,0,0,0,0,0,0,0,0,0,0,0
24.5468,0,0,0,0,1,0,0,0,0,0,0,0,0,0,0,0,0,0,0
24.5677,0,0,0,0,1,0,0,0,0,0,0,0,0,0,0,0,0,0,0
24.5876,0,0,0,0,1,0,0,0,0,0,0,0,0,0,0,0,0,0,0
24.6077,0,0,0,0,1,0,0,0,0,0,0,0,0,0,0,0,0,0,0
24.6276,0,0,0,0,1,0,0,0,0,0,0,0,0,0,0,0,0,0,0
24.6477,0,0,0,0,1,0,0,0,0,0,0,0,0,0,0,0,0,0,0
24.6676,0,0,0,0,1,0,0,0,0,0,0,0,0,0,0,0,0,0,0
24.6875,0,0,0,0,1,0,0,0,0,0,0,0,0,0,0,0,0,0,0
24.7076,0,0,0,0,1,0,0,0,0,0,0,0,0,0,0,0,0,0,0
24.7274,0,0,0,0,1,0,0,0,0,0,0,0,0,0,0,0,0,0,0
24.7474,0,0,0,0,1,0,0,0,0,0,0,0,0,0,0,0,0,0,0
24.7674,0,0,0,0,1,0,0,0,0,0,0,0,0,0,0,0,0,0,0
24.7874,0,0,0,0,1,0,0,0,0,0,0,0,0,0,0,0,0,0,0
24.8074,0,0,0,0,1,0,0,0,0,0,0,0,0,0,0,0,0,0,0
24.8274,0,0,0,0,1,0,0,0,0,0,0,0,0,0,0,0,0,0,0
24.8474,0,0,0,0,1,0,0,0,0,0,0,0,0,0,0,0,0,0,0
24.8672,0,0,0,0,1,0,0,0,0,0,0,0,0,0,0,0,0,0,0
24.8871,0,0,0,0,1,0,0,0,0,0,0,0,0,0,0,0,0,0,0
24.9072,0,0,0,0,1,0,0,0,0,0,0,0,0,0,0,0,0,0,0
24.9272,0,0,0,0,1,0,0,0,0,0,0,0,0,0,0,0,0,0,0
24.9471,0,0,0,0,1,0,0,0,0,0,0,0,0,0,0,0,0,0,0
24.967,0,0,0,0,1,0,0,0,0,0,0,0,0,0,0,0,0,0,0
24.988,0,0,0,0,1,0,0,0,0,0,0,0,0,0,0,0,0,0,0
25.008,0,0,0,0,1,0,0,0,0,0,0,0,0,0,0,0,0,0,0
25.0279,0,0,0,0,1,0,0,0,0,0,0,0,0,0,0,0,0,0,0
25.048,0,0,0,0,1,0,0,0,0,0,0,0,0,0,0,0,0,0,0
25.0678,0,0,0,0,1,0,0,0,0,0,0,0,0,0,0,0,0,0,0
25.0878,0,0,0,0,1,0,0,0,0,0,0,0,0,0,0,0,0,0,0
25.1079,0,0,0,0,1,0,0,0,0,0,0,0,0,0,0,0,0,0,0
25.1277,0,0,0,0,1,0,0,0,0,0,0,0,0,0,0,0,0,0,0
25.1477,0,0,0,0,1,0,0,0,0,0,0,0,0,0,0,0,0,0,0
25.1676,0,0,0,0,1,0,0,0,0,0,0,0,0,0,0,0,0,0,0
25.1877,0,0,0,0,1,0,0,0,0,0,0,0,0,0,0,0,0,0,0
25.2077,0,0,0,0,1,0,0,0,0,0,0,0,0,0,0,0,0,0,0
25.2277,0,0,0,0,1,0,0,0,0,0,0,0,0,0,0,0,0,0,0
