time,waist_y,r_shoulder_p,r_shoulder_r,r_shoulder_y,r_elbow_p,r_wrist_y,r_wrist_p,r_wrist_r,r_hand,l_shoulder_p,l_shoulder_r,l_shoulder_y,l_elbow_p,l_wrist_y,l_wrist_p,l_wrist_r,l_hand
1.03012,-75,-119,0,50,1080,-85,0,36,1670,-107,0,109,1148,-96,0,-13,650
1.04017,-70,-123,0,50,1074,-85,0,34,1670,-110,0,108,1142,-96,0,-10,650
1.0491,-70,-126,0,50,1068,-86,0,30,1670,-114,0,106,1135,-96,0,-8,650
1.05805,-70,-129,0,49,1063,-85,0,27,1670,-117,0,104,1130,-96,0,-6,650
1.06711,-65,-132,0,49,1058,-85,0,24,1670,-120,0,103,1125,-96,0,-3,650
1.07617,-60,-135,0,48,1053,-85,0,21,1670,-121,0,102,1119,-96,0,0,650
1.08616,-60,-137,0,48,1049,-85,0,19,1670,-123,0,102,1115,-96,0,0,650
1.09506,-55,-139,0,48,1045,-85,0,18,1670,-125,0,102,1111,-96,0,2,650
1.10403,-50,-141,0,48,1041,-85,0,16,1670,-127,0,101,1107,-96,0,3,645
1.11309,-50,-143,0,49,1038,-84,0,15,1670,-128,0,101,1104,-96,0,4,650
1.12191,-50,-144,0,49,1035,-84,0,15,1670,-130,0,102,1101,-96,0,5,650
1.13195,-45,-145,0,49,1032,-84,0,15,1670,-131,0,103,1097,-96,0,6,650
1.14094,-55,-145,0,50,1028,-83,0,16,1670,-132,0,103,1093,-96,0,6,650
1.15006,-55,-147,0,50,1024,-83,0,18,1670,-135,0,104,1089,-96,0,6,650
1.1599,-60,-148,0,50,1021,-82,0,19,1670,-137,0,105,1087,-96,0,5,645
1.16895,-65,-150,0,50,1016,-82,0,21,1670,-138,0,105,1083,-96,0,4,650
1.178,-70,-150,0,50,1013,-81,0,22,1670,-141,0,105,1081,-96,0,3,650
1.18756,-70,-152,0,51,1009,-80,0,24,1670,-143,0,105,1079,-96,0,2,650
1.19631,-75,-152,0,51,1005,-79,0,26,1670,-144,0,105,1076,-96,0,2,650
1.20628,-75,-152,0,53,1001,-79,0,27,1670,-146,0,104,1073,-96,0,2,650
1.21502,-80,-153,0,53,998,-78,0,28,1670,-148,0,104,1071,-96,0,2,650
1.22396,-80,-153,0,56,994,-77,0,28,1670,-150,0,104,1068,-96,0,2,650
1.23311,-85,-155,0,57,991,-76,0,29,1665,-152,0,104,1066,-96,0,2,650
1.24182,-85,-156,0,57,988,-76,0,30,1670,-152,0,104,1064,-96,0,2,650
1.25179,-85,-157,0,58,985,-75,0,31,1670,-154,0,104,1061,-96,0,2,650
1.26076,-80,-159,0,59,982,-74,0,31,1670,-156,0,104,1059,-96,0,2,650
1.26987,-80,-159,0,60,980,-73,0,31,1670,-157,0,103,1057,-96,0,1,650
1.27882,-80,-160,0,60,978,-72,0,32,1670,-158,0,103,1054,-96,0,0,645
1.28877,-80,-161,0,61,975,-72,0,33,1665,-159,0,103,1052,-96,0,0,650
1.29792,-80,-162,0,62,973,-72,0,33,1670,-161,0,103,1050,-96,0,0,650
1.30682,-80,-164,0,63,972,-72,0,33,1670,-163,0,102,1047,-96,0,0,650
1.31581,-80,-165,0,63,969,-71,0,33,1665,-164,0,102,1045,-96,0,0,650
1.32506,-80,-166,0,64,967,-71,0,33,1670,-166,0,102,1044,-96,0,0,650
1.334,-80,-166,0,64,966,-70,0,34,1670,-168,0,102,1041,-96,0,0,650
1.3442,-80,-168,0,64,965,-70,0,34,1670,-169,0,101,1039,-96,0,1,645
1.35283,-85,-169,0,65,965,-70,0,34,1665,-171,0,101,1037,-96,0,2,650
1.36169,-85,-170,0,65,963,-70,0,35,1670,-173,0,101,1036,-96,0,2,650
1.37172,-85,-171,0,65,962,-69,0,35,1670,-173,0,101,1034,-96,0,3,650
1.38057,-85,-172,0,65,961,-69,0,35,1670,-174,0,101,1032,-96,0,3,645
1.38967,-85,-173,0,65,960,-69,0,35,1670,-176,0,101,1030,-96,0,3,650
1.39862,-85,-173,0,65,960,-69,0,34,1670,-177,0,101,1029,-96,0,4,650
1.40763,-85,-174,0,66,959,-69,0,34,1670,-178,0,101,1027,-96,0,4,650
1.41661,-85,-175,0,66,959,-69,0,34,1670,-179,0,101,1025,-96,0,4,650
1.42653,-85,-176,0,67,958,-69,0,34,1670,-180,0,101,1024,-96,0,4,650
1.43558,-85,-177,0,67,957,-69,0,33,1670,-181,0,101,1023,-96,0,3,650
1.44451,-85,-178,0,68,957,-69,0,34,1670,-181,0,101,1023,-96,0,3,650
1.4536,-85,-178,0,68,957,-69,0,33,1670,-181,0,101,1022,-96,0,2,650
1.46348,-80,-179,0,68,957,-69,0,33,1670,-181,0,101,1021,-96,0,2,650
1.47255,-85,-179,0,69,957,-69,0,33,1670,-181,0,101,1020,-96,0,2,650
1.48146,-85,-180,0,70,957,-69,0,33,1670,-181,0,101,1020,-96,0,2,650
1.49046,-85,-181,0,70,957,-69,0,33,1665,-181,0,101,1019,-96,0,2,650
1.49945,-80,-181,0,70,956,-69,0,33,1670,-181,0,101,1018,-96,0,1,650
1.50849,-80,-181,0,71,956,-68,0,33,1670,-181,0,101,1018,-96,0,1,650
1.51859,-80,-181,0,71,956,-68,0,34,1670,-181,0,101,1017,-96,0,1,650
1.52762,-85,-181,0,72,956,-68,0,34,1670,-181,0,101,1016,-96,0,1,645
1.53661,-80,-182,0,72,956,-68,0,35,1670,-181,0,101,1015,-96,0,1,650
1.54646,-80,-182,0,72,956,-68,0,34,1665,-181,0,101,1015,-96,0,1,650
1.55555,-80,-182,0,73,957,-68,0,35,1665,-181,0,102,1015,-96,0,0,650
1.56452,-80,-181,0,74,957,-68,0,35,1670,-181,0,101,1015,-96,0,0,650
1.57348,-80,-181,0,75,957,-68,0,34,1670,-181,0,102,1014,-96,0,0,650
1.5824,-80,-181,0,76,957,-68,0,35,1670,-181,0,102,1014,-96,0,0,650
1.59148,-80,-181,0,77,956,-68,0,35,1670,-181,0,102,1013,-96,0,0,650
1.60143,-80,-181,0,78,956,-68,0,34,1665,-181,0,102,1013,-96,0,0,650
1.61047,-80,-182,0,79,956,-68,0,35,1670,-181,0,102,1013,-96,0,0,650
1.61938,-80,-182,0,79,956,-68,0,35,1665,-181,0,102,1012,-96,0,0,650
1.6295,-80,-181,0,80,956,-68,0,34,1670,-181,0,103,1012,-96,0,0,650
1.63834,-80,-182,0,81,956,-68,0,35,1665,-182,0,103,1012,-96,0,0,650
1.64733,-80,-182,0,83,956,-68,0,35,1665,-182,0,103,1012,-96,0,0,650
1.65639,-80,-182,0,84,955,-68,0,35,1670,-182,0,103,1012,-96,0,0,650
1.66528,-80,-182,0,86,954,-68,0,36,1665,-182,0,103,1012,-96,0,0,650
1.67531,-80,-182,0,86,953,-68,0,36,1665,-182,0,104,1012,-96,0,0,650
1.68437,-80,-182,0,88,951,-68,0,36,1665,-183,0,104,1012,-96,0,0,650
1.69333,-85,-182,0,90,950,-68,0,37,1665,-183,0,104,1012,-96,0,0,650
1.70229,-80,-182,0,92,948,-68,0,37,1665,-183,0,104,1012,-96,0,-1,650
1.71224,-80,-182,0,94,945,-68,0,38,1665,-183,0,104,1012,-96,0,-1,650
1.72113,-80,-182,0,96,943,-68,0,39,1665,-183,0,104,1012,-96,0,-2,645
1.73009,-85,-182,0,99,939,-68,0,39,1665,-183,0,104,1012,-96,0,-2,645
1.73914,-85,-182,0,101,936,-68,0,39,1670,-183,0,104,1012,-96,0,-2,645
1.7482,-85,-183,0,104,933,-68,0,39,1665,-183,0,104,1012,-96,0,-2,650
1.75811,-80,-183,0,107,928,-68,0,39,1665,-183,0,104,1012,-96,0,-2,650
1.76709,-85,-183,0,108,925,-68,0,39,1665,-183,0,104,1012,-96,0,-2,650
1.77614,-80,-182,0,111,921,-68,0,39,1665,-182,0,103,1012,-96,0,-1,650
1.78494,-80,-183,0,114,917,-68,0,39,1670,-183,0,104,1012,-96,0,-1,650
1.795,-80,-183,0,116,913,-68,0,39,1665,-183,0,104,1013,-96,0,-1,650
1.80393,-85,-182,0,119,909,-68,0,39,1670,-183,0,104,1013,-96,0,-2,650
1.81306,-80,-182,0,122,905,-68,0,39,1670,-182,0,104,1014,-96,0,-2,650
1.82186,-85,-182,0,124,901,-68,0,38,1665,-183,0,104,1013,-96,0,-2,650
1.83091,-85,-181,0,127,898,-68,0,38,1670,-182,0,104,1014,-96,0,-3,650
1.83993,-80,-181,0,130,893,-68,0,38,1665,-182,0,104,1014,-96,0,-3,650
1.84997,-85,-181,0,132,889,-68,0,38,1670,-182,0,104,1014,-96,0,-3,650
1.85897,-85,-181,0,135,886,-68,0,37,1670,-182,0,104,1015,-96,0,-3,650
1.86796,-85,-181,0,138,881,-68,0,37,1665,-183,0,104,1015,-96,0,-3,650
1.87792,-85,-181,0,141,876,-67,0,36,1665,-183,0,103,1015,-96,0,-3,650
1.88694,-85,-181,0,144,872,-68,0,36,1670,-182,0,103,1015,-96,0,-3,650
1.89586,-85,-182,0,146,867,-68,0,36,1665,-183,0,103,1015,-96,0,-3,650
1.90493,-85,-182,1,148,863,-67,0,36,1665,-183,0,103,1015,-96,0,-3,650
1.91389,-80,-183,3,151,858,-68,0,36,1670,-183,0,103,1015,-96,0,-3,650
1.92286,-80,-182,5,153,853,-68,0,37,1675,-183,0,103,1015,-96,0,-3,650
1.93284,-85,-182,8,156,849,-68,0,37,1675,-183,0,103,1015,-96,0,-3,650
1.94193,-85,-183,10,158,845,-68,0,37,1675,-183,0,102,1016,-96,0,-3,650
1.95079,-85,-183,11,160,841,-68,0,37,1675,-183,0,102,1017,-96,0,-3,650
1.96078,-85,-184,14,163,836,-68,0,37,1675,-183,0,102,1017,-96,0,-3,650
1.96988,-85,-184,15,166,833,-67,0,37,1675,-183,0,102,1017,-96,0,-3,650
1.97883,-85,-184,16,170,828,-68,0,37,1675,-183,0,102,1018,-96,0,-3,650
1.9877,-85,-184,17,173,824,-68,0,38,1675,-183,0,102,1019,-96,0,-3,645
1.99678,-85,-185,18,176,821,-68,0,38,1675,-183,0,102,1020,-96,0,-3,650
2.0068,-85,-185,19,180,816,-68,0,39,1675,-182,0,102,1020,-96,0,-3,650
2.01566,-85,-186,21,184,811,-68,0,39,1675,-183,0,102,1021,-96,0,-4,650
2.02472,-85,-186,22,188,807,-68,0,40,1675,-183,0,102,1021,-96,0,-3,650
2.03377,-85,-186,24,192,803,-68,0,41,1675,-183,0,102,1022,-96,0,-4,650
2.04272,-85,-186,24,197,799,-67,0,41,1680,-183,0,101,1022,-96,0,-4,650
2.05255,-85,-186,26,202,797,-67,0,41,1680,-183,0,102,1023,-96,0,-4,650
2.06159,-85,-185,28,209,794,-67,0,41,1680,-183,0,101,1023,-96,0,-4,650
2.0707,-85,-184,29,216,792,-67,0,39,1680,-183,0,101,1024,-96,0,-5,650
2.07958,-85,-184,30,223,791,-67,0,38,1680,-183,0,101,1024,-96,0,-5,650
2.08954,-80,-184,31,231,789,-67,0,36,1680,-184,0,101,1025,-96,0,-5,650
2.09864,-80,-183,31,239,788,-66,0,35,1675,-183,0,101,1025,-96,0,-5,645
2.10763,-80,-183,32,246,787,-66,0,33,1680,-184,0,101,1026,-96,0,-5,650
2.1165,-75,-183,33,255,788,-66,0,30,1680,-184,0,101,1026,-96,0,-5,650
2.12553,-70,-182,33,262,788,-65,0,29,1675,-184,0,101,1027,-96,0,-4,650
2.13542,-70,-183,33,271,789,-65,0,28,1670,-184,0,101,1027,-96,0,-4,650
2.14448,-65,-182,34,279,790,-65,0,28,1670,-184,0,101,1028,-96,0,-3,650
2.15351,-60,-183,35,287,792,-64,0,28,1665,-184,0,101,1027,-96,0,-3,650
2.16239,-60,-183,36,295,794,-63,0,28,1665,-184,0,101,1028,-96,0,-4,645
2.17242,-60,-183,38,302,798,-63,0,28,1670,-184,0,101,1028,-96,0,-5,650
2.18137,-55,-183,39,310,801,-62,0,29,1670,-184,0,101,1029,-96,0,-5,645
2.19041,-55,-184,41,316,805,-61,0,30,1665,-185,0,101,1029,-96,0,-5,645
2.19964,-55,-184,43,323,809,-60,0,31,1670,-185,0,101,1030,-96,0,-5,645
2.20884,-60,-184,45,329,814,-59,0,31,1670,-185,0,101,1030,-96,0,-5,645
2.21766,-60,-184,47,335,818,-58,0,31,1670,-185,0,101,1031,-96,0,-6,645
2.22774,-60,-184,49,342,823,-57,0,30,1670,-186,0,101,1032,-96,0,-6,645
2.23685,-65,-182,52,348,828,-56,0,29,1665,-186,0,101,1032,-96,0,-6,645
2.24563,-65,-182,54,355,835,-54,0,28,1665,-186,0,101,1033,-96,0,-6,645
2.2546,-70,-182,58,362,840,-53,0,28,1665,-187,0,101,1033,-96,0,-6,645
2.26467,-65,-182,60,369,846,-50,0,26,1665,-187,0,101,1033,-96,0,-6,645
2.27373,-65,-182,64,375,852,-48,0,23,1665,-187,0,101,1034,-96,0,-6,645
2.28252,-65,-181,67,381,857,-46,0,21,1665,-187,0,101,1034,-96,0,-6,645
2.29161,-65,-180,70,387,863,-43,0,17,1670,-187,0,101,1034,-96,0,-5,645
2.30062,-65,-179,73,392,868,-41,0,14,1665,-187,0,101,1034,-96,0,-5,650
2.31059,-65,-178,75,398,873,-38,0,12,1665,-187,0,101,1034,-96,0,-5,645
2.31952,-65,-177,79,403,879,-35,0,9,1670,-187,0,101,1035,-96,0,-4,650
2.32849,-70,-176,82,408,884,-32,0,7,1665,-187,0,101,1035,-96,0,-4,650
2.33753,-70,-174,85,413,889,-28,0,5,1665,-187,0,101,1035,-96,0,-4,650
2.34754,-70,-173,89,417,894,-26,0,3,1665,-187,0,101,1035,-96,0,-4,650
2.35648,-70,-172,92,421,899,-22,0,1,1665,-187,0,101,1035,-96,0,-4,645
2.36548,-75,-171,96,424,903,-18,0,0,1665,-187,0,101,1035,-96,0,-4,650
2.37453,-80,-169,100,427,907,-15,0,-1,1670,-188,0,102,1035,-96,0,-4,650
2.38349,-85,-168,103,430,910,-11,0,-2,1665,-188,0,102,1036,-96,0,-4,650
2.3935,-85,-167,106,433,914,-8,0,-2,1670,-188,0,102,1036,-96,0,-3,650
2.40252,-85,-166,109,435,916,-4,0,-3,1665,-188,0,102,1037,-96,0,-4,650
2.41146,-90,-166,111,437,919,0,0,-4,1665,-187,0,101,1037,-96,0,-4,650
2.42047,-90,-166,115,440,921,3,0,-4,1665,-187,0,101,1038,-96,0,-4,650
2.43041,-90,-166,117,442,923,7,0,-4,1670,-187,0,101,1038,-96,0,-5,650
2.43939,-90,-166,120,443,925,10,0,-3,1670,-187,0,101,1039,-96,0,-5,650
2.44838,-95,-167,122,445,928,14,0,-3,1665,-187,0,101,1039,-96,0,-5,650
2.45768,-95,-168,125,446,928,18,0,-2,1665,-187,0,101,1040,-96,0,-5,650
2.46647,-95,-168,127,447,930,21,0,-1,1665,-187,0,101,1040,-96,0,-5,650
2.47646,-100,-169,130,448,931,24,0,0,1665,-187,0,101,1040,-96,0,-5,650
2.48541,-100,-169,132,448,934,26,0,0,1665,-187,0,101,1040,-96,0,-5,650
2.49449,-105,-169,133,449,935,29,0,1,1665,-187,0,101,1040,-96,0,-6,650
2.50441,-105,-169,135,449,936,32,0,1,1670,-187,0,101,1040,-96,0,-5,650
2.51336,-105,-169,136,449,936,34,0,2,1665,-188,0,101,1040,-96,0,-5,645
2.52233,-110,-169,138,449,937,36,0,3,1670,-188,0,101,1041,-96,0,-5,645
2.53164,-110,-169,139,450,938,38,0,3,1670,-188,0,101,1041,-96,0,-5,645
2.54057,-110,-169,140,450,939,40,0,4,1665,-188,0,101,1041,-96,0,-6,645
2.5505,-110,-169,141,450,939,42,0,5,1670,-188,0,101,1041,-96,0,-5,645
2.55937,-115,-170,141,450,939,43,0,5,1665,-188,0,101,1042,-96,0,-6,645
2.56833,-115,-169,141,450,939,45,0,5,1665,-188,0,101,1042,-96,0,-6,645
2.57735,-115,-169,141,450,940,46,0,6,1665,-188,0,101,1041,-96,0,-5,645
2.58732,-115,-169,142,450,940,46,0,7,1665,-188,0,101,1041,-96,0,-5,645
2.59626,-115,-169,142,450,941,47,0,7,1665,-188,0,101,1042,-96,0,-5,645
2.60536,-115,-169,142,450,941,47,0,7,1665,-188,0,101,1041,-96,0,-5,645
2.61443,-115,-169,142,450,941,47,0,7,1665,-188,0,101,1041,-96,0,-6,645
2.62318,-110,-169,141,449,941,47,0,8,1665,-188,0,101,1041,-96,0,-5,645
2.63228,-110,-169,141,449,941,47,0,9,1665,-188,0,101,1041,-96,0,-6,645
2.64205,-110,-169,140,449,941,47,0,10,1665,-188,0,101,1041,-96,0,-6,645
2.65111,-110,-169,140,448,941,47,0,11,1665,-188,0,101,1041,-96,0,-6,645
2.66046,-105,-169,139,447,940,47,0,14,1665,-188,0,101,1041,-96,0,-6,645
2.67011,-105,-169,138,445,940,47,0,14,1665,-188,0,101,1042,-96,0,-6,645
2.67911,-105,-169,137,444,940,47,0,16,1670,-188,0,101,1041,-96,0,-5,645
2.6881,-105,-170,136,442,939,47,0,18,1665,-188,0,101,1042,-96,0,-6,645
2.69702,-105,-170,134,439,939,46,0,21,1670,-188,0,101,1042,-96,0,-6,645
2.706,-105,-170,132,435,938,46,0,21,1665,-188,0,101,1041,-96,0,-5,645
2.71507,-105,-170,130,431,937,46,0,24,1670,-188,0,101,1041,-96,0,-6,645
2.72442,-100,-170,127,427,936,45,0,27,1665,-188,0,101,1041,-96,0,-6,645
2.73398,-100,-171,125,421,936,45,0,28,1670,-188,0,101,1041,-96,0,-6,645
2.74298,-100,-172,122,415,935,44,0,30,1665,-188,0,101,1042,-96,0,-6,645
2.75226,-100,-173,119,409,934,43,0,32,1670,-188,0,101,1041,-96,0,-6,645
2.76206,-95,-175,117,403,933,42,0,34,1665,-188,0,101,1041,-96,0,-7,645
2.77129,-90,-178,114,396,932,41,0,34,1665,-188,0,101,1042,-96,0,-6,650
2.77998,-90,-179,111,389,930,40,0,35,1665,-188,0,101,1042,-96,0,-6,645
2.78905,-90,-181,109,381,928,39,0,35,1670,-188,0,101,1042,-96,0,-7,650
2.79796,-85,-184,105,373,928,38,0,34,1670,-188,0,101,1042,-96,0,-7,650
2.80824,-85,-187,102,364,925,37,0,33,1665,-188,0,101,1042,-96,0,-6,650
2.81695,-80,-190,97,354,923,36,0,34,1665,-188,0,101,1042,-96,0,-6,650
2.82594,-80,-194,94,343,921,35,0,34,1670,-188,0,101,1042,-96,0,-6,650
2.83501,-80,-197,90,332,918,33,0,35,1670,-188,0,101,1043,-96,0,-5,650
2.84397,-75,-200,87,320,916,32,0,35,1670,-188,0,101,1043,-96,0,-5,650
2.85388,-75,-200,84,308,914,32,0,36,1665,-188,0,101,1043,-96,0,-5,645
2.8629,-75,-200,82,296,910,30,0,36,1670,-188,0,101,1043,-96,0,-4,645
2.87184,-75,-200,79,284,908,29,0,36,1665,-188,0,101,1043,-96,0,-4,650
2.88085,-75,-200,78,272,906,29,0,36,1665,-188,0,101,1043,-96,0,-4,650
2.89075,-75,-200,75,260,904,28,0,36,1665,-188,0,101,1044,-96,0,-4,650
2.89973,-75,-200,74,247,900,28,0,36,1665,-189,0,101,1044,-96,0,-4,650
2.90871,-75,-200,71,234,899,28,0,36,1665,-189,0,101,1044,-96,0,-4,645
2.91782,-80,-200,69,223,896,28,0,35,1665,-189,0,101,1044,-96,0,-4,645
2.9268,-80,-200,67,210,893,28,0,35,1665,-189,0,101,1044,-96,0,-4,650
2.93679,-85,-200,65,197,892,28,0,35,1665,-189,0,101,1044,-96,0,-4,645
2.94566,-85,-200,62,184,889,28,0,36,1665,-190,0,101,1045,-96,0,-5,645
2.95479,-90,-200,60,172,887,28,0,36,1665,-190,0,101,1045,-96,0,-5,645
2.96371,-95,-200,59,159,886,28,0,36,1665,-190,0,101,1045,-96,0,-5,645
2.9737,-95,-200,58,148,885,28,0,36,1665,-191,0,101,1045,-96,0,-6,645
2.98266,-100,-200,55,137,883,28,0,37,1665,-191,0,101,1045,-96,0,-6,645
2.9915,-100,-200,53,126,882,28,0,36,1665,-192,0,101,1045,-96,0,-6,645
3.00044,-105,-200,53,116,881,28,0,36,1665,-192,0,101,1045,-96,0,-6,645
3.00937,-105,-200,52,108,881,28,0,36,1670,-192,0,100,1045,-96,0,-6,645
3.01831,-105,-200,50,98,880,28,0,35,1665,-193,0,101,1045,-96,0,-5,645
3.02825,-105,-200,48,90,880,28,0,34,1665,-193,0,100,1045,-96,0,-4,645
3.03735,-105,-200,46,82,880,28,0,34,1670,-193,0,101,1045,-96,0,-4,645
3.04631,-105,-200,44,73,881,28,0,33,1665,-193,0,100,1045,-96,0,-4,645
3.05652,-105,-200,42,66,881,28,0,34,1665,-193,0,101,1045,-96,0,-3,645
3.06557,-105,-200,41,59,882,28,0,34,1665,-193,0,100,1045,-96,0,-3,645
3.07453,-105,-200,39,52,882,28,0,35,1665,-193,0,99,1045,-96,0,-3,645
3.08359,-105,-200,38,47,882,28,0,34,1665,-193,0,99,1045,-96,0,-3,645
3.09253,-100,-200,36,42,883,28,0,35,1665,-193,0,99,1045,-96,0,-3,645
3.10157,-105,-200,35,36,883,28,0,34,1665,-193,0,99,1045,-96,0,-3,645
3.11143,-100,-200,34,32,883,28,0,34,1665,-193,0,98,1045,-96,0,-3,645
3.1205,-100,-200,31,28,882,28,0,34,1665,-193,0,98,1045,-96,0,-3,645
3.12938,-100,-200,31,23,883,28,0,34,1670,-193,0,98,1045,-96,0,-2,645
3.13939,-105,-200,29,20,883,28,0,34,1670,-194,0,98,1045,-96,0,-2,645
3.14831,-105,-200,26,17,884,28,0,33,1670,-194,0,98,1045,-96,0,-2,645
3.15764,-105,-200,24,14,884,28,0,33,1665,-195,0,98,1045,-96,0,-2,645
3.16646,-105,-200,22,13,885,28,0,34,1670,-195,0,98,1044,-96,0,-1,645
3.17538,-105,-200,19,12,885,28,0,33,1665,-195,0,98,1044,-96,0,0,645
3.18542,-105,-200,16,11,886,28,0,33,1665,-195,0,98,1044,-96,0,0,645
3.19441,-105,-200,13,10,886,28,0,33,1670,-195,0,98,1044,-96,0,0,645
3.20341,-105,-200,10,9,886,28,0,33,1670,-195,0,98,1044,-96,0,0,645
3.21239,-105,-200,8,9,886,28,0,33,1670,-195,0,98,1044,-96,0,1,645
3.22231,-105,-200,5,9,886,28,0,33,1670,-195,0,98,1044,-96,0,2,645
3.23123,-105,-200,2,8,886,28,0,32,1665,-195,0,98,1044,-96,0,2,645
3.24029,-105,-200,0,8,886,28,0,33,1665,-195,0,98,1044,-96,0,3,650
3.2493,-100,-200,0,7,887,28,0,32,1665,-195,0,98,1044,-96,0,4,650
3.25828,-100,-200,0,7,887,28,0,32,1665,-195,0,98,1044,-96,0,6,650
3.2683,-100,-200,0,7,888,28,0,32,1670,-196,0,98,1044,-96,0,7,650
3.27736,-95,-200,0,7,888,28,0,32,1665,-196,0,98,1044,-96,0,7,650
3.28629,-95,-200,0,7,889,28,0,32,1670,-196,0,98,1044,-96,0,8,650
3.29628,-95,-200,0,7,890,28,0,32,1665,-196,0,98,1044,-96,0,9,650
3.30519,-95,-200,0,7,891,28,0,32,1665,-196,0,98,1044,-96,0,11,650
3.31419,-90,-200,0,7,892,28,0,32,1670,-196,0,98,1044,-96,0,11,650
3.32314,-90,-200,0,7,893,28,0,32,1665,-196,0,98,1044,-96,0,12,650
3.33208,-90,-200,0,7,893,28,0,31,1665,-197,0,98,1044,-96,0,13,650
3.341,-90,-200,0,7,894,28,0,31,1670,-197,0,98,1044,-96,0,14,650
3.35111,-90,-200,0,7,894,28,0,31,1665,-197,0,98,1044,-96,0,14,650
3.36035,-90,-200,0,7,896,28,0,31,1670,-197,0,97,1045,-96,0,14,650
3.36907,-85,-200,0,7,896,28,0,31,1665,-197,0,98,1045,-96,0,14,650
3.3791,-85,-200,0,7,897,28,0,31,1665,-197,0,98,1045,-96,0,15,650
3.38816,-85,-200,0,7,898,28,0,30,1665,-197,0,98,1045,-96,0,15,645
3.39706,-85,-200,0,7,899,28,0,30,1665,-198,0,98,1045,-96,0,15,650
3.40594,-85,-200,0,7,900,28,0,30,1665,-197,0,98,1045,-96,0,16,650
3.41497,-85,-200,0,7,900,28,0,29,1665,-198,0,98,1045,-96,0,16,650
3.42396,-85,-200,0,7,900,28,0,29,1670,-198,0,98,1045,-96,0,17,650
3.43293,-85,-200,0,7,900,28,0,28,1665,-199,0,98,1045,-96,0,16,650
3.44291,-85,-200,0,7,900,28,0,28,1665,-199,0,98,1045,-96,0,17,650
3.45224,-85,-200,0,7,900,28,0,28,1665,-199,0,98,1045,-96,0,16,650
3.4611,-85,-200,0,7,900,28,0,28,1665,-199,0,98,1045,-96,0,16,650
3.47097,-85,-200,0,7,900,28,0,28,1665,-198,0,98,1045,-96,0,16,650
3.47999,-85,-200,0,7,900,28,0,28,1665,-199,0,99,1045,-96,0,15,650
3.48915,-85,-200,0,7,900,28,0,28,1665,-198,0,100,1045,-96,0,15,650
3.49795,-85,-200,0,7,900,28,0,28,1670,-198,0,101,1045,-96,0,14,650
3.50697,-90,-200,0,7,900,28,0,28,1665,-198,0,102,1045,-96,0,14,650
3.51585,-85,-200,0,7,900,28,0,27,1665,-198,0,102,1045,-96,0,13,650
3.52583,-90,-200,0,7,900,28,0,27,1665,-198,0,103,1045,-96,0,10,650
3.53494,-85,-200,0,7,900,28,0,27,1670,-197,0,105,1045,-96,0,7,645
3.54385,-85,-200,0,7,900,28,0,27,1670,-197,0,106,1045,-96,0,4,650
3.55396,-85,-200,0,7,900,28,0,27,1665,-196,0,108,1045,-96,0,1,650
3.56276,-85,-200,0,7,900,28,0,27,1670,-196,0,109,1045,-96,0,-2,650
3.57179,-85,-200,0,7,900,28,0,27,1665,-195,0,112,1045,-96,0,-6,650
3.58089,-90,-200,0,7,900,28,0,27,1665,-195,0,115,1045,-96,0,-10,650
3.58978,-85,-200,0,7,900,28,0,26,1665,-194,0,117,1045,-96,0,-14,650
3.59883,-85,-200,0,7,900,28,0,27,1665,-193,0,121,1045,-96,0,-18,645
3.60794,-90,-200,0,7,900,28,0,27,1670,-192,0,124,1045,-96,0,-22,650
3.61791,-90,-200,0,7,900,28,0,27,1665,-191,0,127,1045,-96,0,-27,650
3.62668,-90,-200,0,7,900,28,0,27,1665,-189,0,131,1046,-96,0,-30,650
3.63567,-90,-200,0,7,900,28,0,27,1665,-188,0,136,1047,-96,0,-35,650
3.64563,-95,-200,0,7,900,28,0,27,1665,-187,0,139,1048,-96,0,-39,650
3.65495,-95,-200,0,7,900,28,0,27,1670,-186,0,144,1049,-96,0,-43,650
3.66365,-100,-200,0,7,900,28,0,27,1665,-184,0,149,1051,-96,0,-47,650
3.67265,-100,-200,0,7,900,28,0,27,1665,-181,0,153,1052,-96,0,-51,650
3.68169,-100,-200,0,7,900,28,0,27,1665,-181,0,158,1054,-96,0,-55,650
3.69154,-100,-200,0,7,900,28,0,27,1665,-178,0,164,1057,-96,0,-58,650
3.70059,-105,-200,0,7,900,28,0,27,1670,-175,0,168,1059,-96,0,-61,650
3.70962,-105,-200,0,7,900,28,0,27,1665,-173,0,174,1061,-96,0,-64,650
3.71861,-105,-200,0,7,900,28,0,27,1665,-170,0,180,1064,-96,0,-65,650
3.72855,-100,-200,0,7,900,28,0,27,1665,-167,0,185,1067,-96,0,-66,650
3.73756,-100,-200,0,8,900,28,0,27,1665,-165,0,190,1070,-96,0,-67,650
3.74652,-105,-200,0,8,900,28,0,27,1665,-162,0,195,1073,-96,0,-68,650
3.75579,-105,-200,0,8,900,28,0,27,1665,-159,0,201,1076,-96,0,-68,650
3.7656,-105,-200,0,8,900,28,0,28,1665,-157,0,206,1079,-96,0,-68,650
3.77467,-105,-200,0,8,900,28,0,28,1665,-153,0,211,1082,-96,0,-68,650
3.78382,-105,-200,0,8,900,28,0,28,1665,-151,0,217,1085,-96,0,-68,650
3.79255,-105,-200,0,8,900,28,0,27,1670,-149,0,223,1088,-96,0,-67,650
3.8017,-105,-200,0,8,900,28,0,27,1665,-146,0,228,1090,-96,0,-66,650
3.81049,-105,-200,0,8,901,28,0,27,1665,-144,0,233,1094,-96,0,-65,650
3.82048,-100,-200,0,8,900,28,0,27,1665,-142,0,238,1096,-96,0,-65,650
3.82945,-105,-200,0,9,901,28,0,27,1665,-140,0,242,1099,-96,0,-63,650
3.83843,-105,-200,0,9,901,28,0,27,1670,-138,0,247,1102,-96,0,-61,645
3.84747,-105,-200,0,8,901,28,0,27,1665,-137,0,251,1104,-96,0,-59,650
3.85666,-105,-200,0,8,901,28,0,27,1665,-135,0,255,1108,-96,0,-57,650
3.8664,-100,-200,0,8,901,28,0,27,1670,-133,0,259,1110,-96,0,-55,650
3.87545,-100,-200,0,8,901,28,0,27,1670,-131,0,262,1113,-96,0,-52,650
3.88442,-95,-200,0,9,901,28,0,27,1670,-130,0,266,1116,-96,0,-50,645
3.89442,-95,-200,0,9,901,28,0,27,1665,-130,0,269,1118,-96,0,-48,645
3.90334,-95,-200,0,9,901,28,0,27,1670,-128,0,272,1120,-96,0,-47,645
3.91231,-90,-200,0,9,901,28,0,27,1670,-128,0,275,1123,-96,0,-46,645
3.92132,-90,-200,0,9,902,28,0,27,1665,-127,0,277,1126,-96,0,-45,645
3.93151,-90,-200,0,9,902,28,0,27,1665,-126,0,279,1129,-96,0,-44,645
3.9404,-90,-200,0,9,901,28,0,27,1665,-126,0,282,1131,-96,0,-43,645
3.94918,-90,-200,0,9,901,28,0,27,1665,-126,0,284,1132,-96,0,-43,645
3.9584,-90,-200,0,9,901,28,0,27,1665,-126,0,286,1134,-96,0,-44,645
3.9668,-90,-200,0,9,901,28,0,27,1665,-125,0,288,1136,-96,0,-43,645
3.97679,-85,-200,0,9,901,28,0,27,1665,-126,0,289,1138,-96,0,-44,645
3.98576,-85,-200,0,10,901,28,0,27,1665,-126,0,291,1139,-96,0,-44,645
3.99474,-85,-200,0,9,901,28,0,27,1665,-126,0,292,1140,-96,0,-43,645
4.00399,-80,-200,0,9,901,28,0,27,1665,-126,2,294,1142,-96,0,-44,645
4.01388,-80,-200,0,10,901,28,0,27,1665,-126,4,296,1143,-96,0,-44,645
4.02285,-80,-200,0,10,902,28,0,27,1670,-126,7,297,1145,-96,0,-44,645
4.03179,-75,-200,0,9,901,28,0,27,1665,-126,9,297,1146,-96,0,-45,645
4.04084,-75,-200,0,10,901,28,0,27,1665,-126,11,299,1146,-96,0,-46,645
4.04986,-75,-200,0,9,902,28,0,27,1665,-126,13,301,1148,-96,0,-46,645
4.0599,-75,-200,0,10,902,28,0,26,1665,-126,16,302,1149,-96,0,-47,645
4.0689,-70,-200,0,10,902,28,0,27,1665,-126,17,304,1150,-96,0,-47,645
4.07821,-70,-200,0,9,902,28,0,27,1665,-126,19,306,1151,-96,0,-47,645
4.08712,-70,-200,0,10,902,28,0,26,1665,-126,21,307,1152,-96,0,-47,650
4.09694,-70,-200,0,9,902,28,0,26,1665,-126,24,310,1153,-96,0,-47,645
4.10597,-70,-200,0,10,902,28,0,27,1665,-126,24,311,1153,-96,0,-47,650
4.11501,-70,-200,0,9,903,28,0,26,1670,-126,26,313,1154,-96,0,-46,650
4.12401,-70,-200,0,9,902,28,0,27,1665,-126,28,315,1155,-96,0,-46,650
4.13293,-65,-200,0,9,902,28,0,27,1665,-126,30,317,1156,-96,0,-46,650
4.14292,-65,-200,0,9,902,28,0,27,1665,-126,31,318,1157,-96,0,-46,650
4.15217,-65,-200,0,9,902,28,0,26,1665,-126,32,319,1158,-96,0,-45,650
4.16127,-65,-200,0,9,902,28,0,26,1665,-126,35,321,1159,-96,0,-45,650
4.16993,-65,-200,0,9,902,28,0,26,1670,-126,37,323,1160,-96,0,-44,650
4.17987,-65,-200,0,9,902,28,0,27,1670,-126,38,323,1161,-96,0,-43,650
4.1888,-65,-200,0,9,902,28,0,26,1665,-126,40,325,1162,-96,0,-43,650
4.19788,-65,-200,0,9,902,28,0,26,1665,-126,42,326,1163,-96,0,-43,650
4.20685,-60,-200,0,9,902,28,0,27,1665,-126,44,327,1164,-96,0,-43,650
4.21574,-60,-200,0,8,902,28,0,27,1665,-126,45,328,1164,-96,0,-43,650
4.22487,-60,-200,0,8,902,28,0,27,1665,-126,46,329,1165,-96,0,-42,650
4.23487,-60,-200,0,8,903,28,0,27,1665,-126,48,331,1165,-96,0,-42,650
4.24387,-60,-200,0,9,903,28,0,27,1665,-126,49,332,1166,-96,0,-41,650
4.25287,-55,-200,0,9,903,28,0,27,1665,-126,50,333,1166,-96,0,-41,645
4.26186,-55,-200,0,9,903,28,0,26,1670,-127,51,333,1166,-96,0,-40,650
4.27176,-55,-200,0,9,903,28,0,27,1670,-127,53,333,1166,-96,0,-39,650
4.28081,-50,-200,0,10,903,28,0,27,1670,-127,53,334,1166,-96,0,-38,650
4.28984,-50,-200,0,9,904,28,0,27,1665,-127,55,335,1166,-96,0,-36,650
4.29879,-45,-200,0,10,904,28,0,26,1665,-128,56,335,1165,-96,0,-36,645
4.30785,-45,-200,0,10,904,28,0,27,1665,-128,57,335,1164,-96,0,-34,645
4.3168,-40,-200,0,10,904,28,0,26,1665,-128,57,336,1164,-96,0,-32,650
4.32689,-40,-200,0,10,905,28,0,26,1670,-129,59,336,1164,-96,0,-30,650
4.33607,-40,-200,0,10,905,28,0,26,1665,-129,60,336,1164,-96,0,-29,650
4.34477,-35,-200,0,10,906,28,0,27,1665,-129,60,336,1164,-96,0,-28,650
4.35487,-35,-200,0,10,906,28,0,27,1665,-129,60,337,1163,-96,0,-28,650
4.36373,-35,-200,0,10,906,28,0,26,1670,-128,61,336,1163,-96,0,-28,650
4.37267,-35,-200,0,10,906,28,0,27,1670,-128,61,337,1163,-96,0,-28,645
4.38178,-35,-200,0,10,907,28,0,26,1665,-129,62,337,1162,-96,0,-28,650
4.39067,-30,-200,0,10,907,28,0,27,1665,-128,63,337,1162,-96,0,-28,650
4.3997,-30,-200,0,10,907,28,0,26,1670,-128,63,336,1163,-96,0,-28,650
4.40973,-30,-200,0,10,907,28,0,27,1665,-128,63,337,1163,-96,0,-28,650
4.41876,-30,-200,0,10,907,28,0,26,1670,-128,64,337,1163,-96,0,-28,650
4.42776,-30,-200,0,10,907,28,0,26,1665,-129,64,337,1163,-96,0,-28,650
4.43762,-30,-200,0,10,907,28,0,26,1665,-128,64,337,1162,-96,0,-28,650
4.44658,-30,-200,0,10,906,28,0,27,1670,-128,64,336,1163,-96,0,-28,650
4.45582,-30,-200,0,10,907,28,0,26,1665,-128,64,337,1163,-96,0,-28,650
4.46485,-30,-200,0,10,907,28,0,27,1665,-128,64,337,1163,-96,0,-29,650
4.47353,-30,-200,0,10,907,28,0,26,1665,-128,63,337,1163,-96,0,-29,650
4.48354,-30,-200,0,10,906,28,0,27,1665,-128,63,337,1163,-96,0,-29,650
4.49266,-30,-200,0,10,907,28,0,27,1665,-128,63,337,1162,-96,0,-28,650
4.50158,-30,-200,0,10,906,28,0,26,1665,-128,63,337,1162,-96,0,-28,650
4.51056,-30,-200,0,10,907,28,0,26,1670,-128,62,337,1162,-96,0,-28,650
4.51955,-30,-200,0,10,907,28,0,26,1665,-128,62,337,1161,-96,0,-28,645
4.52941,-30,-200,0,10,906,28,0,26,1670,-127,61,337,1161,-96,0,-28,650
4.53851,-35,-200,0,11,907,28,0,26,1665,-128,61,336,1160,-96,0,-28,650
4.54759,-30,-200,0,10,907,28,0,26,1665,-127,61,337,1159,-96,0,-28,650
4.55677,-30,-200,0,10,907,28,0,26,1670,-128,61,336,1158,-96,0,-27,650
4.56648,-30,-200,0,10,907,28,0,26,1670,-128,60,336,1156,-96,0,-27,650
4.57546,-30,-200,0,10,907,28,0,26,1665,-128,60,336,1155,-96,0,-27,650
4.5844,-30,-200,0,10,907,28,0,26,1665,-127,60,336,1154,-96,0,-27,650
4.5935,-30,-200,0,10,907,28,0,26,1665,-128,59,336,1152,-96,0,-26,650
4.60249,-30,-200,0,10,907,28,0,26,1665,-128,58,335,1151,-96,0,-26,650
4.61265,-35,-200,0,11,907,28,0,27,1665,-127,57,335,1150,-96,0,-26,650
4.62149,-30,-200,0,10,907,28,0,26,1665,-128,56,335,1148,-96,0,-26,650
4.63042,-30,-200,0,10,907,28,0,26,1665,-127,55,335,1146,-96,0,-25,650
4.63949,-30,-200,0,10,907,28,0,27,1665,-127,54,334,1146,-96,0,-25,650
4.64854,-35,-200,0,11,907,28,0,26,1665,-127,53,333,1143,-96,0,-25,650
4.65742,-35,-200,0,10,907,28,0,26,1670,-127,52,333,1141,-96,0,-24,645
4.66742,-35,-200,0,10,907,28,0,26,1665,-127,50,333,1139,-96,0,-24,650
4.67666,-35,-200,0,11,907,28,0,26,1665,-127,48,333,1137,-96,0,-22,650
4.68543,-35,-200,0,10,907,28,0,26,1665,-128,46,333,1134,-96,0,-21,650
4.69531,-40,-200,0,10,907,28,0,27,1670,-128,44,333,1131,-96,0,-19,650
4.70461,-40,-200,0,9,907,28,0,26,1665,-128,41,333,1128,-96,0,-17,650
4.71329,-45,-200,0,9,907,28,0,26,1665,-128,38,332,1125,-96,0,-14,650
4.72245,-45,-200,0,9,907,28,0,26,1665,-128,36,332,1122,-96,0,-12,650
4.73137,-45,-200,0,8,907,28,0,27,1665,-128,32,331,1119,-96,0,-10,650
4.74131,-50,-200,0,9,907,28,0,26,1665,-128,29,330,1115,-96,0,-8,650
4.75028,-50,-200,0,8,907,28,0,27,1665,-128,25,330,1111,-96,0,-6,650
4.75937,-50,-200,0,8,907,28,0,26,1665,-128,22,328,1108,-96,0,-4,650
4.76832,-55,-200,0,8,907,28,0,26,1670,-129,18,326,1103,-96,0,-1,650
4.7783,-55,-200,0,8,907,28,0,26,1665,-129,15,325,1101,-96,0,0,645
4.78726,-55,-200,0,8,907,28,0,26,1665,-129,10,322,1097,-96,0,2,650
4.79621,-55,-200,0,8,908,28,0,27,1665,-129,7,319,1095,-96,0,4,650
4.80505,-55,-200,0,8,907,28,0,26,1670,-130,3,317,1090,-96,0,6,650
4.81407,-55,-200,0,7,908,28,0,26,1665,-130,3,313,1088,-96,0,7,645
4.82409,-55,-200,0,8,908,28,0,26,1665,-130,3,310,1085,-96,0,7,650
4.83304,-55,-200,0,8,908,28,0,26,1665,-131,3,306,1081,-96,0,7,650
4.84206,-55,-200,0,8,908,28,0,26,1665,-131,3,303,1079,-96,0,8,650
4.85099,-55,-200,0,7,908,28,0,27,1665,-132,3,298,1076,-96,0,7,650
4.86098,-55,-200,0,8,908,28,0,27,1665,-132,3,295,1074,-96,0,7,650
4.86999,-55,-200,0,7,907,28,0,27,1665,-133,3,290,1071,-96,0,7,650
4.87895,-55,-200,0,7,908,28,0,26,1665,-134,3,286,1069,-96,0,7,650
4.88835,-55,-200,0,7,908,28,0,27,1665,-134,3,282,1066,-96,0,7,650
4.8981,-55,-200,0,7,908,28,0,26,1665,-135,3,276,1064,-96,0,8,650
4.90703,-60,-200,0,8,907,28,0,26,1665,-136,3,272,1062,-96,0,8,650
4.91609,-55,-200,0,7,907,28,0,27,1665,-137,3,268,1059,-96,0,8,650
4.92513,-55,-200,0,7,907,28,0,26,1665,-137,3,263,1057,-96,0,8,650
4.9341,-55,-200,0,7,907,28,0,26,1665,-138,3,259,1054,-96,0,8,650
4.94312,-55,-200,0,7,908,28,0,26,1665,-138,3,254,1052,-96,0,8,650
4.95297,-60,-200,0,8,907,28,0,27,1665,-140,3,249,1050,-96,0,8,650
4.96207,-60,-200,0,8,907,28,0,26,1665,-142,3,245,1047,-96,0,9,650
4.97093,-60,-200,0,8,907,28,0,27,1665,-144,3,240,1044,-96,0,9,650
4.98106,-60,-200,0,8,907,28,0,26,1665,-144,3,235,1042,-96,0,10,650
4.98997,-60,-200,0,9,907,28,0,27,1665,-146,3,230,1038,-96,0,10,650
4.99905,-60,-200,0,9,907,28,0,26,1670,-149,3,225,1036,-96,0,10,650
5.00827,-60,-200,0,9,907,28,0,26,1665,-151,3,219,1033,-96,0,11,645
5.01688,-60,-200,0,9,907,28,0,26,1670,-153,3,214,1030,-96,0,11,650
5.02584,-60,-200,0,10,907,28,0,26,1665,-156,3,209,1027,-96,0,11,650
5.03588,-60,-200,0,9,908,28,0,27,1665,-159,3,203,1024,-96,0,10,650
5.04487,-60,-200,0,9,908,28,0,26,1665,-162,3,196,1021,-96,0,10,650
5.05389,-60,-200,0,7,908,28,0,26,1665,-166,3,189,1018,-96,0,9,650
5.0629,-60,-200,0,7,908,28,0,26,1665,-170,3,181,1015,-96,0,9,650
5.07283,-60,-200,0,7,908,28,0,26,1665,-174,3,173,1014,-96,0,8,650
5.08179,-60,-200,0,8,908,28,0,27,1665,-178,3,163,1012,-96,0,8,650
5.09085,-60,-200,0,9,907,28,0,27,1670,-181,3,155,1009,-96,0,7,650
5.09974,-60,-200,0,9,907,28,0,27,1670,-186,3,147,1008,-96,0,7,650
5.10888,-60,-200,0,9,907,28,0,27,1665,-189,3,140,1006,-96,0,7,650
5.11785,-60,-200,0,10,906,28,0,26,1665,-193,3,134,1004,-96,0,7,650
5.12773,-65,-200,0,10,906,28,0,26,1665,-195,3,128,1001,-96,0,8,650
5.13675,-65,-200,0,10,906,28,0,25,1665,-199,3,123,1000,-96,0,8,650
5.14571,-60,-200,0,11,905,28,0,26,1665,-200,3,117,997,-96,0,8,650
5.15564,-60,-200,0,10,905,28,0,26,1670,-200,3,114,994,-96,0,8,650
5.16455,-60,-200,0,10,905,28,0,26,1665,-200,3,109,993,-96,0,8,650
5.17334,-60,-200,0,11,904,28,0,25,1665,-200,3,107,990,-96,0,7,650
5.18233,-60,-200,0,10,904,28,0,26,1665,-200,3,104,988,-96,0,7,650
5.19117,-60,-200,0,10,904,28,0,26,1665,-200,3,101,986,-96,0,7,650
5.20022,-60,-200,0,10,904,28,0,26,1665,-200,3,99,985,-96,0,7,650
5.20926,-60,-200,0,8,904,28,0,26,1665,-200,3,97,982,-96,0,7,650
5.21913,-60,-200,0,8,904,28,0,25,1665,-200,3,96,981,-96,0,7,650
5.22816,-60,-200,0,8,904,28,0,25,1665,-200,3,94,979,-96,0,8,650
5.23733,-60,-200,0,7,904,28,0,26,1665,-200,3,92,979,-96,0,9,650
5.24731,-60,-200,0,7,904,28,0,26,1665,-200,3,90,977,-96,0,10,650
5.25625,-65,-200,0,7,904,28,0,26,1665,-200,3,88,977,-96,0,11,650
5.26536,-60,-200,0,7,904,28,0,26,1665,-200,3,86,976,-96,0,12,650
5.27429,-60,-200,0,7,903,28,0,26,1670,-200,3,83,976,-96,0,12,650
5.28436,-60,-200,0,7,904,28,0,26,1670,-200,3,82,976,-96,0,12,650
5.29322,-60,-200,0,7,903,28,0,25,1665,-200,3,80,975,-96,0,12,650
5.3023,-60,-200,0,7,903,28,0,25,1665,-200,3,79,974,-96,0,12,650
5.31124,-60,-200,0,7,903,28,0,25,1665,-200,3,79,973,-96,0,12,650
5.3212,-60,-200,0,7,903,28,0,25,1665,-200,3,78,973,-96,0,13,650
5.33007,-60,-200,0,7,903,28,0,25,1665,-200,3,77,972,-96,0,13,650
5.33907,-60,-200,0,7,903,28,0,25,1665,-200,3,76,972,-96,0,12,650
5.3481,-55,-200,0,7,903,28,0,25,1665,-200,3,75,972,-96,0,12,650
5.35702,-55,-200,0,6,903,28,0,25,1665,-200,3,75,972,-96,0,12,650
5.36701,-55,-200,0,7,903,28,0,25,1665,-200,3,74,972,-96,0,11,650
5.3759,-55,-200,0,6,903,28,0,26,1665,-200,3,73,972,-96,0,11,650
5.38509,-50,-200,0,6,903,28,0,25,1665,-200,3,73,972,-96,0,11,650
5.39386,-55,-200,0,7,903,28,0,25,1665,-200,3,72,972,-96,0,10,650
5.403,-55,-200,0,6,903,28,0,25,1665,-200,3,72,972,-96,0,10,650
5.41336,-50,-200,0,6,903,28,0,25,1670,-200,3,72,972,-96,0,10,650
5.42205,-50,-200,0,7,903,28,0,25,1670,-200,3,71,972,-96,0,9,650
5.43097,-55,-200,0,6,903,28,0,25,1665,-200,3,71,972,-96,0,9,650
5.44009,-55,-200,0,6,903,28,0,25,1665,-200,3,71,972,-96,0,8,645
5.44886,-50,-200,0,6,902,28,0,25,1670,-200,3,70,972,-96,0,9,650
5.45925,-55,-200,0,6,902,28,0,25,1665,-200,3,69,972,-96,0,8,650
5.46828,-50,-200,0,6,903,28,0,25,1665,-200,3,69,971,-96,0,8,650
5.47709,-50,-200,0,6,902,28,0,25,1665,-200,3,69,971,-96,0,8,645
5.48601,-50,-200,0,6,902,28,0,25,1665,-200,3,69,971,-96,0,8,645
5.49587,-45,-200,0,6,902,28,0,25,1665,-200,3,69,971,-96,0,9,645
5.50482,-50,-200,0,6,902,28,0,25,1665,-200,3,69,970,-96,0,9,645
5.51398,-45,-200,0,6,901,28,0,25,1670,-200,3,68,970,-96,0,9,645
5.52277,-45,-200,0,6,901,28,0,25,1670,-200,3,68,969,-96,0,10,645
5.53176,-45,-200,0,6,902,28,0,25,1665,-200,3,68,968,-96,0,10,650
5.54179,-45,-200,0,6,901,28,0,25,1665,-200,3,68,968,-96,0,10,650
5.55078,-45,-200,0,6,901,28,0,25,1665,-200,3,68,966,-96,0,10,650
5.55981,-40,-200,0,6,901,28,0,25,1665,-200,3,68,965,-96,0,10,650
5.56984,-40,-200,0,6,901,28,0,25,1665,-200,3,68,965,-96,0,10,650
5.57875,-40,-200,0,6,901,28,0,25,1665,-200,3,68,964,-96,0,10,650
5.5877,-40,-200,0,6,900,28,0,25,1670,-200,3,68,964,-96,0,10,650
5.5967,-40,-200,0,6,900,28,0,25,1665,-200,3,68,963,-96,0,10,650
5.60584,-35,-200,0,6,900,28,0,25,1670,-200,3,68,962,-96,0,10,650
5.61464,-40,-200,0,6,900,28,0,25,1665,-200,3,68,960,-96,0,10,650
5.6247,-35,-200,0,6,900,28,0,24,1665,-200,3,68,960,-96,0,10,650
5.63381,-35,-200,0,6,900,28,0,25,1665,-200,3,68,958,-96,0,10,650
5.6427,-35,-200,0,6,900,28,0,24,1665,-200,3,68,958,-96,0,10,650
5.65168,-35,-200,0,6,900,28,0,24,1665,-200,3,68,957,-96,0,10,650
5.66164,-35,-200,0,7,899,28,0,24,1665,-200,3,68,957,-96,0,11,650
5.67065,-35,-200,0,6,899,28,0,24,1665,-200,3,68,956,-96,0,10,650
5.67956,-35,-200,0,6,898,28,0,24,1665,-200,3,68,956,-96,0,10,650
5.68956,-35,-200,0,6,898,28,0,24,1670,-200,3,68,954,-96,0,11,650
5.69859,-35,-200,0,6,897,28,0,24,1665,-200,3,68,954,-96,0,10,650
5.70761,-35,-200,0,6,897,28,0,24,1665,-200,3,68,953,-96,0,11,650
5.71659,-35,-200,0,6,896,28,0,24,1665,-200,3,68,952,-96,0,10,645
5.72548,-35,-200,0,6,896,28,0,24,1665,-200,3,68,952,-96,0,10,650
5.73448,-35,-200,0,7,895,28,0,24,1665,-200,3,68,952,-96,0,10,650
5.74439,-35,-200,0,6,895,28,0,24,1665,-200,3,68,952,-96,0,9,650
5.75351,-35,-200,0,7,894,28,0,24,1670,-200,3,68,951,-96,0,9,650
5.76255,-35,-200,0,6,893,28,0,24,1665,-200,3,68,951,-96,0,8,650
5.77148,-35,-200,0,6,894,28,0,24,1665,-200,3,68,950,-96,0,8,650
5.78142,-35,-200,0,6,893,28,0,24,1665,-200,3,68,950,-96,0,8,650
5.79055,-35,-200,0,6,893,28,0,24,1665,-200,3,68,950,-96,0,8,650
5.79941,-35,-200,0,7,893,28,0,24,1665,-200,3,69,950,-96,0,9,650
5.80826,-35,-200,0,7,893,28,0,24,1665,-200,3,69,950,-96,0,9,650
5.81735,-35,-200,0,6,892,28,0,24,1665,-200,3,69,950,-96,0,10,650
5.82636,-35,-200,0,6,892,28,0,24,1670,-200,3,69,950,-96,0,11,650
5.83631,-35,-200,0,6,892,28,0,24,1665,-200,3,69,950,-96,0,11,650
5.84538,-35,-200,0,6,891,28,0,24,1665,-200,3,69,950,-96,0,11,650
5.85439,-35,-200,0,6,891,28,0,24,1665,-200,3,70,950,-96,0,12,650
5.86343,-35,-200,0,7,890,28,0,24,1665,-200,3,70,950,-96,0,12,650
5.87324,-35,-200,0,6,890,28,0,24,1665,-200,3,70,950,-96,0,12,650
5.88233,-35,-200,0,6,889,28,0,24,1665,-200,3,70,950,-96,0,12,650
5.8914,-35,-200,0,6,889,28,0,23,1665,-200,3,70,950,-96,0,12,645
5.90034,-35,-200,0,6,888,28,0,24,1665,-200,3,71,950,-96,0,12,650
5.90927,-35,-200,0,6,888,28,0,23,1665,-200,3,70,950,-96,0,12,650
5.91818,-35,-200,0,6,886,28,0,23,1665,-200,3,70,950,-96,0,12,650
5.92824,-35,-200,0,6,886,28,0,24,1665,-200,3,70,950,-96,0,12,650
5.93716,-30,-200,0,6,886,28,0,24,1665,-200,3,70,950,-96,0,12,650
5.94613,-35,-200,0,6,886,28,0,24,1665,-200,3,70,950,-96,0,13,650
5.95639,-35,-200,0,7,886,28,0,23,1670,-200,3,70,950,-96,0,13,650
5.96527,-35,-200,0,7,886,28,0,24,1670,-200,3,70,950,-96,0,13,645
5.97419,-35,-200,0,7,886,28,0,23,1670,-200,3,70,950,-96,0,13,650
5.98325,-30,-200,0,7,886,28,0,23,1665,-200,3,70,950,-96,0,14,650
5.99223,-30,-200,0,6,885,28,0,23,1665,-200,3,70,950,-96,0,14,645
6.00112,-35,-200,0,7,885,28,0,23,1665,-200,3,70,950,-96,0,14,650
6.0112,-30,-200,0,7,886,28,0,24,1665,-200,3,70,950,-96,0,14,650
6.02019,-35,-200,0,7,885,28,0,23,1665,-200,3,70,950,-96,0,14,650
6.0292,-30,-200,0,7,886,28,0,23,1665,-200,3,69,950,-96,0,14,650
6.03895,-30,-200,0,7,885,28,0,23,1665,-200,3,69,950,-96,0,15,650
6.04819,-30,-200,0,7,886,28,0,23,1665,-200,3,69,950,-96,0,15,650
6.05701,-35,-200,0,7,885,28,0,23,1665,-200,3,68,950,-96,0,14,650
6.066,-35,-200,0,7,885,28,0,23,1665,-200,3,69,950,-96,0,15,645
6.07503,-35,-200,0,7,885,28,0,23,1665,-200,3,68,950,-96,0,15,650
6.08514,-35,-200,0,7,885,28,0,23,1665,-200,3,69,950,-96,0,15,650
6.09402,-35,-200,0,7,886,28,0,23,1665,-200,3,69,950,-96,0,15,645
6.10297,-30,-200,0,7,886,28,0,23,1665,-200,3,68,950,-96,0,15,650
6.11202,-30,-200,0,7,886,28,0,23,1665,-200,3,68,950,-96,0,15,650
6.12195,-30,-200,0,7,885,28,0,23,1665,-200,3,68,950,-96,0,16,650
6.13094,-35,-200,0,7,886,28,0,23,1665,-200,3,68,950,-96,0,16,650
6.13992,-30,-200,0,7,886,28,0,23,1665,-200,3,68,950,-96,0,17,650
6.14891,-35,-200,0,7,885,28,0,24,1665,-200,3,69,950,-96,0,17,650
6.15802,-35,-200,0,7,885,28,0,23,1665,-200,3,68,950,-96,0,18,645
6.16793,-30,-200,0,7,885,28,0,23,1670,-200,3,68,950,-96,0,18,650
6.17698,-35,-200,0,7,885,28,0,23,1665,-200,3,68,950,-96,0,18,650
6.186,-35,-200,0,7,885,28,0,23,1665,-200,3,69,950,-96,0,18,645
6.19489,-30,-200,0,7,885,28,0,24,1665,-200,3,68,950,-96,0,18,650
6.20397,-30,-200,0,7,885,28,0,23,1665,-200,3,68,950,-96,0,19,650
6.21396,-30,-200,0,7,885,28,0,23,1665,-200,3,69,950,-96,0,19,650
6.22289,-30,-200,0,7,886,28,0,23,1665,-200,3,69,950,-96,0,19,650
6.23182,-35,-200,0,7,886,28,0,23,1665,-200,3,69,950,-96,0,19,650
6.24093,-30,-200,0,7,886,28,0,24,1665,-200,3,69,950,-96,0,19,650
6.24998,-35,-200,0,7,886,28,0,23,1665,-200,3,69,950,-96,0,19,650
6.25974,-30,-200,0,7,886,28,0,23,1665,-200,3,69,950,-96,0,19,650
6.26875,-35,-200,0,7,886,28,0,23,1665,-200,3,69,950,-96,0,19,650
6.27784,-35,-200,0,7,885,28,0,24,1665,-200,3,70,950,-96,0,19,650
6.28776,-30,-200,0,7,885,28,0,23,1665,-200,3,69,950,-96,0,19,650
6.2968,-35,-200,0,7,885,28,0,23,1665,-200,3,69,950,-96,0,18,650
6.30593,-35,-200,0,7,885,28,0,23,1665,-200,3,69,950,-96,0,18,650
6.31489,-30,-200,0,7,886,28,0,23,1665,-200,3,69,950,-96,0,18,650
6.32368,-30,-200,0,7,885,28,0,23,1665,-200,3,69,950,-96,0,18,650
6.33266,-30,-200,0,7,886,28,0,23,1665,-200,3,69,950,-96,0,18,650
6.34284,-30,-200,0,7,886,28,0,23,1665,-200,3,69,950,-95,0,19,650
6.35164,-30,-200,0,7,886,28,0,23,1665,-200,3,70,950,-96,0,19,650
6.36165,-35,-200,0,7,885,28,0,23,1665,-200,3,70,950,-96,0,19,650
6.37076,-30,-200,0,7,886,28,0,23,1665,-200,3,70,950,-95,0,19,650
6.37973,-35,-200,0,7,886,28,0,23,1665,-200,3,69,950,-96,0,19,650
6.38852,-35,-200,0,7,885,28,0,23,1670,-200,3,69,950,-95,0,19,650
6.39755,-35,-200,0,7,886,28,0,23,1665,-200,3,69,950,-95,0,19,650
6.40668,-35,-200,0,7,885,28,0,23,1665,-200,3,69,950,-96,0,18,650
6.41557,-30,-200,0,7,886,28,0,23,1665,-200,3,69,950,-95,0,18,650
6.42552,-30,-200,0,7,886,28,0,23,1665,-200,3,69,950,-95,0,17,650
6.43451,-35,-200,0,7,886,28,0,23,1665,-200,3,69,950,-95,0,17,650
6.44356,-30,-200,0,7,886,28,0,23,1665,-200,3,69,950,-95,0,17,650
6.45249,-30,-200,0,7,886,28,0,23,1665,-200,3,69,950,-95,0,17,650
6.4625,-30,-200,0,7,886,28,0,23,1665,-200,3,69,950,-95,0,17,650
6.47154,-30,-200,0,6,886,28,0,23,1665,-200,3,69,950,-95,0,17,645
6.48038,-30,-200,0,7,885,28,0,23,1665,-200,3,69,950,-95,0,17,645
6.49049,-30,-200,0,7,886,28,0,23,1665,-200,3,69,950,-95,0,16,650
6.49951,-30,-200,0,7,886,28,0,23,1665,-200,3,69,950,-95,0,16,650
6.50855,-30,-200,0,7,886,28,0,23,1665,-200,3,69,950,-95,0,16,650
6.51737,-30,-200,0,7,886,28,0,24,1665,-200,3,68,950,-95,0,16,650
6.52648,-30,-200,0,6,886,28,0,24,1665,-200,3,69,950,-95,0,16,650
6.53543,-30,-200,0,7,886,28,0,23,1665,-200,3,68,950,-95,0,16,650
6.54533,-35,-200,0,6,886,28,0,24,1665,-200,3,68,950,-95,0,16,650
6.55433,-35,-200,0,6,886,28,0,23,1665,-200,3,69,950,-95,0,16,645
6.56343,-30,-200,0,7,886,28,0,23,1665,-200,3,68,950,-95,0,16,650
6.57245,-30,-200,0,6,886,28,0,23,1665,-200,3,68,950,-95,0,15,650
6.58239,-35,-200,0,7,885,28,0,23,1665,-200,3,68,950,-95,0,15,650
6.59144,-35,-200,0,7,886,28,0,23,1665,-200,3,68,950,-95,0,15,650
6.60029,-35,-200,0,7,886,28,0,23,1670,-200,3,68,950,-95,0,15,650
6.6093,-35,-200,0,7,885,28,0,23,1670,-200,3,68,950,-95,0,15,650
6.61836,-35,-200,0,7,886,28,0,23,1665,-200,3,69,951,-95,0,16,650
6.6274,-30,-200,0,7,886,28,0,23,1665,-200,3,69,950,-95,0,16,650
6.63734,-30,-200,0,7,885,28,0,23,1665,-200,3,69,951,-95,0,16,650
6.64625,-35,-200,0,7,885,28,0,23,1665,-200,3,68,951,-95,0,16,650
6.6552,-35,-200,0,6,886,28,0,23,1665,-200,3,69,951,-95,0,17,650
6.6643,-30,-200,0,7,886,28,0,23,1665,-200,3,68,951,-95,0,16,650
6.67408,-30,-200,0,7,886,28,0,24,1665,-200,3,69,951,-95,0,16,650
6.68324,-30,-200,0,7,886,28,0,23,1665,-200,3,68,951,-95,0,16,650
6.69234,-30,-200,0,7,886,28,0,23,1665,-200,3,69,951,-95,0,16,650
6.70119,-35,-200,0,7,886,28,0,23,1665,-200,3,69,951,-95,0,16,650
6.71007,-30,-200,0,7,886,28,0,23,1665,-200,3,68,951,-95,0,16,650
6.72027,-35,-200,0,7,885,28,0,23,1665,-200,3,68,951,-95,0,17,645
6.72927,-35,-200,0,7,886,28,0,24,1665,-200,3,68,951,-95,0,17,650
6.73803,-35,-200,0,7,886,28,0,23,1665,-200,3,68,951,-95,0,16,650
6.74718,-35,-200,0,7,886,28,0,23,1665,-200,3,68,951,-95,0,17,650
6.75715,-30,-200,0,6,885,28,0,23,1670,-200,3,68,951,-95,0,16,650
6.76658,-30,-200,0,7,886,28,0,23,1665,-200,3,68,951,-95,0,16,650
6.77537,-35,-200,0,7,886,28,0,23,1665,-200,3,68,951,-95,0,16,650
6.78444,-30,-200,0,7,886,28,0,23,1665,-200,3,68,950,-95,0,16,650
6.79316,-35,-200,0,6,886,28,0,23,1670,-200,3,68,951,-95,0,16,650
6.80309,-35,-200,0,7,886,28,0,24,1665,-200,3,68,950,-95,0,16,650
6.81198,-30,-200,0,7,886,28,0,24,1665,-200,3,68,951,-95,0,15,650
6.82101,-35,-200,0,7,886,28,0,23,1665,-200,3,68,950,-95,0,15,650
6.83114,-30,-200,0,6,886,28,0,24,1665,-200,3,68,950,-95,0,15,645
6.83995,-35,-200,0,6,886,28,0,24,1665,-200,3,68,951,-95,0,15,650
6.84889,-30,-200,0,7,886,28,0,24,1665,-200,3,68,951,-95,0,15,650
6.85797,-35,-200,0,7,886,28,0,23,1665,-200,3,68,950,-95,0,15,650
6.86694,-35,-200,0,7,886,28,0,23,1670,-200,3,68,951,-95,0,15,650
6.87686,-30,-200,0,7,886,28,0,24,1665,-200,3,68,951,-95,0,15,650
6.88606,-30,-200,0,7,886,28,0,23,1665,-200,3,68,951,-95,0,15,650
6.89488,-30,-200,0,6,886,28,0,23,1665,-200,3,68,951,-95,0,15,650
6.90398,-30,-200,0,7,886,28,0,23,1665,-200,3,68,951,-95,0,15,650
6.91399,-30,-200,0,7,886,28,0,23,1665,-200,3,68,950,-95,0,15,650
6.92288,-30,-200,0,7,886,28,0,23,1670,-200,3,68,950,-95,0,15,650
6.93177,-35,-200,0,7,886,28,0,23,1665,-200,3,68,950,-95,0,15,650
6.94087,-30,-200,0,6,886,28,0,23,1665,-200,3,68,951,-95,0,15,650
6.94987,-35,-200,0,6,886,28,0,23,1665,-200,3,68,950,-95,0,15,650
6.95982,-30,-200,0,7,886,28,0,23,1665,-200,3,68,950,-95,0,15,650
6.96884,-35,-200,0,7,886,28,0,23,1665,-200,3,68,950,-95,0,14,650
6.97777,-35,-200,0,7,886,28,0,23,1665,-200,3,68,950,-95,0,15,650
6.98776,-30,-200,0,7,886,28,0,23,1665,-200,3,68,950,-95,0,15,650
6.9966,-30,-200,0,6,886,28,0,22,1665,-200,3,68,950,-95,0,14,650
7.00572,-30,-200,0,7,886,28,0,22,1665,-200,3,68,950,-95,0,14,650
7.0147,-35,-200,0,6,886,28,0,22,1665,-200,3,68,950,-95,0,14,650
7.02373,-30,-200,0,7,886,28,0,22,1665,-200,3,68,950,-95,0,14,650
7.03261,-35,-200,0,7,886,28,0,21,1665,-200,3,69,950,-95,0,14,645
7.0417,-30,-200,0,7,886,28,0,21,1665,-200,3,68,950,-95,0,14,650
7.05165,-35,-200,0,7,886,28,0,21,1665,-200,3,68,951,-95,0,13,650
7.06062,-30,-200,0,7,886,28,0,21,1665,-200,3,68,950,-95,0,12,650
7.06967,-30,-200,0,7,886,28,0,21,1665,-200,3,68,950,-95,0,11,650
7.07963,-35,-200,0,7,886,28,0,21,1665,-200,3,68,950,-95,0,11,650
7.08852,-30,-200,0,7,886,28,0,21,1665,-200,3,68,950,-95,0,10,650
7.09749,-30,-200,0,6,886,28,0,21,1665,-200,3,68,950,-95,0,10,650
7.10653,-30,-200,0,7,886,28,0,21,1665,-200,3,68,950,-95,0,9,650
7.1155,-35,-200,0,6,886,28,0,21,1670,-200,3,68,950,-95,0,8,650
7.1244,-35,-200,0,6,886,28,0,21,1665,-200,3,68,950,-95,0,7,650
7.13456,-30,-200,0,6,886,28,0,21,1665,-200,3,68,950,-95,0,7,650
7.14358,-30,-200,0,6,886,28,0,21,1665,-200,3,68,950,-95,0,6,645
7.15233,-30,-200,0,6,886,28,0,21,1665,-200,3,68,950,-95,0,6,650
7.16243,-35,-200,0,7,886,28,0,21,1670,-200,3,68,950,-95,0,5,650
7.17149,-30,-200,0,6,886,28,0,21,1665,-200,3,68,950,-95,0,5,645
7.18036,-35,-200,0,6,886,28,0,21,1665,-200,3,68,950,-95,0,4,645
7.18944,-35,-200,0,6,886,28,0,21,1665,-200,3,68,950,-95,0,3,645
7.1986,-30,-200,0,7,886,28,0,21,1665,-200,3,68,950,-95,0,3,650
7.20736,-30,-200,0,6,886,28,0,21,1670,-200,3,68,950,-95,0,3,650
7.21645,-30,-200,0,7,886,28,0,21,1665,-200,3,68,950,-95,0,3,650
7.22636,-30,-200,0,6,886,28,0,21,1665,-200,3,68,950,-95,0,3,650
7.23539,-35,-200,0,7,887,28,0,21,1665,-200,3,68,950,-95,0,3,645
7.24443,-35,-200,0,6,886,28,0,21,1665,-200,3,68,950,-95,0,3,650
7.25337,-30,-200,0,7,887,28,0,21,1665,-200,3,68,950,-95,0,3,650
7.26332,-30,-200,0,6,887,28,0,21,1665,-200,3,68,950,-95,0,3,650
7.27229,-30,-200,0,6,887,28,0,21,1665,-200,3,68,950,-95,0,3,650
7.28116,-30,-200,0,6,887,28,0,21,1665,-200,3,68,950,-95,0,3,650
7.29022,-30,-200,0,7,887,28,0,21,1665,-200,3,68,950,-95,0,3,650
7.30023,-30,-200,0,6,887,28,0,21,1665,-200,3,68,950,-95,0,3,650
7.30922,-30,-200,0,7,887,28,0,21,1670,-200,3,68,950,-95,0,2,650
7.31818,-35,-200,0,7,886,28,0,21,1665,-200,3,68,950,-95,0,2,650
7.32728,-30,-200,0,6,887,28,0,21,1665,-200,3,68,950,-95,0,2,650
7.33712,-35,-200,0,7,887,28,0,21,1665,-200,3,68,950,-95,0,2,645
7.3461,-30,-200,0,7,887,28,0,21,1670,-200,3,68,950,-95,0,2,650
7.35515,-30,-200,0,6,887,28,0,21,1665,-200,3,68,950,-95,0,3,650
7.36414,-30,-200,0,6,887,28,0,21,1665,-200,3,68,950,-95,0,2,645
7.37406,-30,-200,0,7,887,28,0,21,1665,-200,3,68,950,-96,0,3,650
7.38311,-30,-200,0,6,887,28,0,21,1665,-200,3,68,950,-95,0,2,650
7.39213,-30,-200,0,6,887,28,0,21,1665,-200,3,68,950,-95,0,2,650
7.40112,-35,-200,0,7,887,28,0,21,1665,-200,3,68,950,-95,0,2,650
7.40994,-30,-200,0,7,887,28,0,21,1665,-200,3,68,950,-95,0,2,650
7.41903,-30,-200,0,6,887,28,0,21,1665,-200,3,68,950,-95,0,2,650
7.42915,-35,-200,0,7,887,28,0,21,1670,-200,3,68,951,-95,0,2,650
7.43796,-30,-200,0,6,887,28,0,21,1665,-200,3,68,950,-95,0,2,645
7.44698,-30,-200,0,7,887,28,0,21,1665,-200,3,68,950,-95,0,3,650
7.45602,-30,-200,0,7,887,28,0,21,1665,-200,3,68,950,-95,0,2,650
7.466,-30,-200,0,6,887,28,0,21,1665,-200,3,68,950,-95,0,3,650
7.47483,-30,-200,0,6,887,28,0,21,1665,-200,3,68,950,-95,0,3,650
7.48395,-30,-200,0,7,887,28,0,21,1670,-200,3,68,950,-95,0,2,650
7.49302,-30,-200,0,7,887,28,0,21,1665,-200,3,68,951,-95,0,2,645
7.50287,-30,-200,0,7,887,28,0,21,1665,-200,3,68,950,-95,0,2,650
7.51193,-30,-200,0,7,887,28,0,21,1665,-200,3,68,950,-95,0,2,650
7.52096,-35,-200,0,7,887,28,0,21,1665,-200,3,68,950,-95,0,2,650
7.52999,-30,-200,0,7,887,28,0,21,1665,-200,3,68,950,-95,0,2,650
7.53881,-35,-200,0,6,887,28,0,21,1665,-200,3,68,950,-95,0,2,650
7.54883,-30,-200,0,7,887,28,0,21,1665,-200,3,68,951,-95,0,2,650
7.55796,-30,-200,0,7,887,28,0,21,1665,-200,3,68,951,-95,0,2,650
7.56681,-30,-200,0,7,887,28,0,21,1665,-200,3,68,950,-95,0,2,650
7.57677,-35,-200,0,6,887,28,0,21,1665,-200,3,68,950,-95,0,2,650
7.58586,-30,-200,0,6,887,28,0,21,1665,-200,3,68,950,-95,0,2,650
7.59472,-30,-200,0,7,887,28,0,21,1665,-200,3,68,950,-95,0,2,650
7.60366,-30,-200,0,6,887,28,0,21,1665,-200,3,68,950,-96,0,2,650
7.61287,-35,-200,0,7,887,28,0,21,1665,-200,3,68,950,-95,0,2,650
7.62281,-30,-200,0,6,887,28,0,21,1665,-200,3,68,950,-95,0,2,645
7.63159,-35,-200,0,6,887,28,0,21,1665,-200,3,68,950,-95,0,2,650
7.6406,-30,-200,0,6,887,28,0,21,1665,-200,3,68,950,-95,0,2,650
7.64968,-35,-200,0,6,887,28,0,21,1665,-200,3,68,950,-95,0,2,650
7.65863,-35,-200,0,7,887,28,0,21,1665,-200,3,68,950,-95,0,2,650
7.66852,-30,-200,0,7,887,28,0,21,1665,-200,3,68,950,-95,0,2,650
7.6776,-30,-200,0,6,887,28,0,21,1665,-200,3,68,950,-95,0,2,650
7.68653,-30,-200,0,7,887,28,0,21,1665,-200,3,68,951,-95,0,2,645
7.69653,-30,-200,0,7,887,28,0,21,1665,-200,3,68,950,-95,0,2,650
7.70548,-30,-200,0,6,887,28,0,21,1665,-200,3,68,950,-95,0,2,650
7.71468,-30,-200,0,6,887,28,0,21,1665,-200,3,68,950,-95,0,2,650
7.72363,-30,-200,0,6,887,28,0,21,1665,-200,3,68,950,-95,0,2,650
7.73255,-30,-200,0,7,887,28,0,21,1665,-200,3,68,950,-95,0,2,650
7.74155,-30,-200,0,6,887,28,0,21,1665,-200,3,68,950,-95,0,2,650
7.75059,-30,-200,0,7,887,28,0,21,1665,-200,3,68,950,-95,0,2,650
7.76048,-30,-200,0,6,888,28,0,21,1665,-200,3,68,950,-95,0,1,650
7.7696,-30,-200,0,6,888,28,0,21,1665,-200,3,68,950,-95,0,2,650
7.77847,-30,-200,0,7,887,28,0,21,1665,-200,3,68,950,-95,0,2,650
7.78859,-30,-200,0,7,887,28,0,21,1665,-200,3,68,950,-96,0,2,650
7.79746,-30,-200,0,6,888,28,0,21,1665,-200,3,68,950,-95,0,1,650
7.80695,-35,-200,0,7,888,28,0,21,1665,-200,3,68,950,-95,0,1,645
7.81597,-35,-200,0,7,888,28,0,21,1665,-200,3,68,950,-95,0,1,645
7.82485,-30,-200,0,7,888,28,0,21,1665,-200,3,68,950,-95,0,1,645
7.83373,-30,-200,0,6,888,28,0,21,1665,-200,3,68,950,-95,0,2,645
7.84362,-30,-200,0,6,888,28,0,21,1665,-200,3,68,950,-95,0,2,645
7.85244,-30,-200,0,6,888,28,0,21,1665,-200,3,68,950,-95,0,2,650
7.86153,-35,-200,0,6,888,28,0,21,1665,-200,3,68,950,-95,0,2,650
7.87041,-30,-200,0,7,888,28,0,21,1665,-200,3,68,950,-95,0,2,645
7.88035,-35,-200,0,6,888,28,0,21,1665,-200,3,68,950,-95,0,2,650
7.88933,-30,-200,0,7,889,28,0,21,1665,-200,3,68,950,-95,0,2,650
7.89832,-35,-200,0,7,888,28,0,21,1665,-200,3,68,950,-95,0,2,650
7.9074,-35,-200,0,6,889,28,0,21,1665,-200,3,68,951,-95,0,2,650
7.91642,-35,-200,0,7,889,28,0,21,1665,-200,3,68,951,-95,0,2,650
7.92634,-30,-200,0,6,889,28,0,21,1665,-200,3,68,951,-95,0,2,650
7.93528,-30,-200,0,7,889,28,0,21,1665,-200,3,68,951,-95,0,3,650
7.9443,-35,-200,0,6,889,28,0,21,1665,-200,3,69,951,-95,0,2,650
7.95313,-35,-200,0,6,889,28,0,21,1665,-200,3,68,951,-95,0,3,650
7.96318,-30,-200,0,6,889,28,0,21,1665,-200,3,68,951,-95,0,3,650
7.97217,-35,-200,0,7,889,28,0,21,1665,-200,3,68,951,-95,0,3,650
7.98113,-30,-200,0,7,889,28,0,21,1665,-200,3,68,951,-95,0,2,650
7.99014,-35,-200,0,7,889,28,0,21,1665,-200,3,68,951,-95,0,2,650
7.99918,-30,-200,0,6,889,28,0,21,1665,-200,3,68,951,-95,0,2,650
8.0082,-35,-200,0,7,889,28,0,21,1665,-200,3,68,951,-95,0,2,650
8.01818,-35,-200,0,7,890,28,0,21,1665,-200,3,68,951,-95,0,2,650
8.02719,-35,-200,0,7,890,28,0,21,1665,-200,3,68,951,-95,0,2,650
8.03617,-35,-200,0,7,889,28,0,21,1665,-200,3,68,951,-95,0,2,650
8.04524,-30,-200,0,7,889,28,0,21,1665,-200,3,68,951,-95,0,2,650
8.05519,-30,-200,0,7,890,28,0,21,1670,-200,3,68,951,-95,0,2,650
8.06411,-30,-200,0,7,890,28,0,21,1665,-200,3,68,951,-95,0,1,650
8.07305,-30,-200,0,7,890,28,0,21,1665,-200,3,68,951,-95,0,2,650
8.08195,-30,-200,0,7,890,28,0,21,1665,-200,3,68,951,-95,0,1,650
8.09202,-35,-200,0,7,890,28,0,21,1665,-200,3,68,950,-95,0,1,650
8.10119,-30,-200,0,6,890,28,0,21,1665,-200,3,68,951,-95,0,1,650
8.11011,-30,-200,0,6,890,28,0,21,1665,-200,3,68,950,-95,0,1,650
8.11906,-30,-200,0,6,890,28,0,21,1665,-200,3,68,950,-95,0,1,650
8.12907,-30,-200,0,7,890,28,0,21,1670,-200,3,68,950,-95,0,1,650
8.13792,-30,-200,0,6,890,28,0,21,1665,-200,3,68,950,-95,0,1,650
8.14686,-35,-200,0,6,891,28,0,21,1665,-200,3,68,951,-95,0,1,650
8.15602,-35,-200,0,7,890,28,0,21,1665,-200,3,68,950,-95,0,1,650
8.16597,-30,-200,0,7,891,28,0,21,1670,-200,3,68,951,-95,0,1,650
8.17486,-35,-200,0,7,890,28,0,21,1665,-200,3,68,950,-95,0,1,650
8.184,-30,-200,0,7,891,28,0,21,1665,-200,3,68,951,-95,0,1,645
8.19345,-30,-200,0,6,891,28,0,21,1665,-200,3,68,951,-95,0,1,645
8.20248,-30,-200,0,7,891,28,0,21,1670,-200,3,68,951,-95,0,1,645
8.21129,-30,-200,0,7,890,28,0,21,1665,-200,3,68,951,-95,0,1,645
8.22113,-35,-200,0,6,891,28,0,21,1665,-200,3,68,951,-95,0,1,650
8.23016,-35,-200,0,7,891,28,0,21,1665,-200,3,68,951,-95,0,1,650
8.2389,-30,-200,0,7,890,28,0,21,1665,-200,3,68,951,-95,0,1,650
8.2478,-35,-200,0,7,890,28,0,21,1665,-200,3,68,951,-95,0,1,650
8.25693,-35,-200,0,7,890,28,0,21,1665,-200,3,68,951,-95,0,1,650
8.26698,-35,-200,0,7,890,28,0,21,1665,-200,3,68,951,-95,0,1,650
8.27573,-35,-200,0,7,890,28,0,21,1670,-200,3,68,951,-95,0,1,650
8.28585,-35,-200,0,7,890,28,0,21,1665,-200,3,68,951,-95,0,1,650
8.29488,-35,-200,0,7,890,28,0,21,1665,-200,3,68,950,-95,0,1,650
8.30419,-30,-200,0,7,890,28,0,21,1665,-200,3,68,950,-95,0,1,650
8.31323,-30,-200,0,7,891,28,0,21,1665,-200,3,68,950,-95,0,1,645
8.32198,-30,-200,0,7,890,28,0,21,1665,-200,3,68,951,-95,0,1,650
8.33084,-30,-200,0,7,890,28,0,21,1665,-200,3,68,951,-95,0,1,650
8.34068,-35,-200,0,7,890,28,0,21,1665,-200,3,68,951,-95,0,1,650
8.3497,-35,-200,0,7,891,28,0,21,1665,-200,3,68,950,-95,0,1,650
8.3588,-30,-200,0,7,890,28,0,21,1665,-200,3,68,950,-95,0,1,650
8.3686,-35,-200,0,7,890,28,0,20,1665,-200,3,68,950,-95,0,1,650
8.37766,-30,-200,0,7,891,28,0,20,1670,-200,3,68,950,-95,0,1,650
8.38675,-35,-200,0,7,890,28,0,19,1665,-200,3,68,950,-95,0,1,650
8.39567,-30,-200,0,7,890,28,0,19,1665,-200,3,68,950,-95,0,1,650
8.40458,-35,-200,0,7,890,28,0,19,1665,-200,3,68,950,-95,0,1,650
8.41367,-35,-200,0,7,891,28,0,19,1665,-200,3,68,950,-95,0,1,650
8.42373,-30,-200,0,7,890,28,0,18,1670,-200,3,68,950,-95,0,1,650
8.43262,-30,-200,0,7,890,28,0,18,1665,-200,3,68,950,-95,0,1,650
8.44167,-35,-200,0,7,891,28,0,18,1665,-200,3,68,950,-95,0,1,650
8.45055,-30,-200,0,7,890,28,0,18,1665,-200,3,68,950,-95,0,1,650
8.45946,-30,-200,0,7,890,28,0,18,1665,-200,3,68,950,-95,0,1,650
8.46957,-35,-200,0,7,890,28,0,17,1670,-200,3,68,950,-95,0,1,645
8.47852,-30,-200,0,7,890,28,0,17,1665,-200,3,68,950,-95,0,1,645
8.48755,-30,-200,0,7,890,28,0,17,1670,-200,3,68,950,-95,0,1,650
8.49742,-35,-200,0,7,890,28,0,17,1665,-200,3,68,950,-95,0,1,650
8.50653,-30,-200,0,7,891,28,0,17,1665,-200,3,68,950,-95,0,1,650
8.51554,-30,-200,0,7,890,28,0,17,1665,-200,3,68,950,-95,0,1,650
8.52439,-30,-200,0,7,890,28,0,17,1665,-200,3,68,950,-95,0,1,650
8.53346,-30,-200,0,7,890,28,0,17,1665,-200,3,68,950,-95,0,1,650
8.54247,-35,-200,0,7,890,28,0,17,1665,-200,3,68,950,-95,0,0,650
8.55252,-30,-200,0,7,891,28,0,17,1665,-200,3,68,950,-95,0,1,650
8.56133,-35,-200,0,7,890,28,0,16,1665,-200,3,68,950,-95,0,1,650
8.57031,-30,-200,0,7,891,28,0,16,1670,-200,3,68,950,-95,0,1,650
8.5795,-30,-200,0,6,890,28,0,17,1665,-200,3,68,950,-95,0,1,650
8.58987,-30,-200,0,7,890,28,0,16,1665,-200,3,68,950,-95,0,0,650
8.59866,-30,-200,0,7,890,28,0,16,1665,-200,3,68,950,-95,0,0,650
8.60755,-30,-200,0,7,890,28,0,17,1665,-200,3,69,950,-95,0,1,650
8.61646,-30,-200,0,7,890,28,0,17,1665,-200,3,68,950,-95,0,0,650
8.62522,-30,-200,0,7,890,28,0,17,1665,-200,3,68,950,-95,0,1,650
8.63427,-30,-200,0,7,890,28,0,16,1665,-200,3,68,950,-95,0,0,650
8.64433,-30,-200,0,7,890,28,0,16,1665,-200,3,68,951,-95,0,0,650
8.65324,-35,-200,0,7,890,28,0,16,1665,-200,3,68,950,-95,0,0,650
8.66219,-30,-200,0,7,890,28,0,17,1665,-200,3,68,950,-95,0,0,650
8.67231,-30,-200,0,6,890,28,0,17,1665,-200,3,68,950,-95,0,1,650
8.68116,-30,-200,0,7,890,28,0,17,1665,-200,3,68,950,-95,0,0,650
8.6901,-30,-200,0,7,890,28,0,16,1665,-200,3,69,950,-95,0,1,650
8.69918,-30,-200,0,7,890,28,0,16,1665,-200,3,68,950,-95,0,1,650
8.70832,-30,-200,0,6,890,28,0,15,1665,-200,3,68,950,-95,0,0,650
8.7173,-35,-200,0,7,890,28,0,15,1665,-200,3,68,950,-95,0,0,650
8.72717,-30,-200,0,7,890,28,0,15,1665,-200,3,68,950,-95,0,0,650
8.73614,-35,-200,0,7,890,28,0,14,1665,-200,3,68,950,-95,0,1,650
8.7452,-35,-200,0,6,890,28,0,14,1665,-200,3,68,950,-95,0,0,650
8.75504,-35,-200,0,7,890,28,0,14,1665,-200,3,68,950,-95,0,0,650
8.76407,-35,-200,0,7,890,28,0,13,1665,-200,3,68,950,-95,0,0,650
8.77311,-35,-200,0,6,890,28,0,12,1665,-200,3,68,950,-95,0,0,650
8.78207,-30,-200,0,7,889,28,0,10,1665,-200,3,68,950,-95,0,0,650
8.79103,-30,-200,0,7,890,28,0,9,1665,-200,3,68,950,-95,0,1,650
8.80003,-30,-200,0,7,890,28,0,7,1670,-200,3,68,950,-95,0,0,650
8.80997,-35,-200,0,7,890,28,0,6,1665,-200,3,68,950,-95,0,0,650
8.81891,-35,-200,0,7,890,28,0,4,1665,-200,3,68,950,-95,0,0,650
8.82795,-30,-200,0,6,890,28,0,2,1665,-200,3,68,950,-95,0,0,650
8.83792,-35,-200,0,7,890,28,0,1,1665,-200,3,68,950,-95,0,0,650
8.84694,-35,-200,0,7,890,28,0,0,1665,-200,3,68,950,-95,0,0,650
8.85599,-35,-200,0,7,890,28,0,-1,1665,-200,3,68,950,-95,0,0,650
8.86497,-30,-200,0,7,890,28,0,-3,1665,-200,3,69,950,-95,0,1,650
8.87384,-30,-200,0,7,890,28,0,-3,1665,-200,3,68,950,-95,0,1,650
8.88294,-35,-200,0,7,890,28,0,-5,1665,-200,3,68,951,-95,0,0,650
8.89277,-30,-200,0,7,890,28,0,-6,1665,-200,3,69,951,-95,0,0,650
8.90194,-35,-200,0,7,890,28,0,-6,1665,-200,3,68,950,-95,0,0,650
8.91097,-30,-200,0,7,890,28,0,-7,1665,-200,3,68,951,-95,0,1,650
8.92005,-30,-200,0,7,890,28,0,-7,1665,-200,3,68,951,-95,0,1,650
8.93004,-30,-200,0,7,890,28,0,-7,1665,-200,3,68,951,-95,0,0,650
8.93887,-35,-200,0,7,890,28,0,-7,1665,-200,3,68,950,-95,0,0,650
8.94775,-30,-200,0,7,890,28,0,-7,1665,-200,3,68,950,-95,0,1,650
8.95687,-30,-200,0,6,891,28,0,-6,1665,-200,3,68,951,-95,0,1,650
8.96586,-35,-200,0,7,890,28,0,-5,1665,-200,3,68,951,-95,0,0,650
8.97569,-30,-200,0,7,891,28,0,-4,1670,-200,3,68,951,-95,0,0,650
8.99884,0,-200,100,-135,800,0,100,150,1700,-200,100,-135,800,0,100,150,1700
20.6357,-10,-200,100,36,895,26,100,116,1665,-200,100,69,950,-95,100,-3,645
20.6448,-10,-200,100,36,895,26,100,114,1665,-200,100,69,950,-95,100,-3,650
20.6537,-10,-200,100,36,895,26,100,108,1665,-200,100,68,950,-95,100,-3,650
20.6626,-10,-200,100,36,895,26,100,105,1665,-200,100,68,950,-95,100,-3,650
20.6718,-10,-200,100,36,895,26,100,101,1665,-200,100,68,950,-95,100,-3,645
20.6807,-10,-200,100,36,895,26,100,98,1665,-200,100,68,950,-95,100,-2,650
20.6905,-10,-200,100,36,896,26,100,95,1665,-200,100,68,950,-95,100,-3,650
20.6996,-5,-200,100,36,896,26,100,93,1665,-200,100,68,950,-95,100,-3,650
20.7086,-10,-200,100,36,896,26,100,91,1665,-200,100,68,950,-95,100,-3,650
20.7179,-10,-200,100,36,897,26,100,89,1665,-200,100,68,950,-95,100,-2,650
20.7268,-10,-200,100,36,898,26,100,88,1665,-200,100,68,950,-95,100,-2,650
20.7368,-10,-200,100,36,898,27,100,89,1665,-200,100,68,950,-95,100,-2,650
20.7457,-10,-200,100,36,899,27,100,89,1665,-200,100,68,950,-95,100,-3,650
20.7546,-5,-200,100,36,899,27,100,91,1665,-200,100,68,950,-95,100,-3,650
20.7645,-10,-200,100,36,899,27,100,92,1665,-200,100,68,950,-95,100,-3,650
20.7737,-5,-200,100,36,899,27,100,94,1665,-200,100,68,950,-95,100,-3,645
20.7826,-10,-200,100,36,899,27,100,96,1665,-200,100,69,950,-95,100,-2,650
20.7914,-5,-200,100,36,899,27,100,99,1665,-200,100,68,950,-95,100,-3,650
20.8005,-10,-200,100,36,898,27,100,101,1665,-200,100,68,950,-95,100,-2,650
20.8096,-10,-200,100,36,898,27,100,104,1665,-200,100,68,950,-95,100,-3,650
20.8193,-10,-200,100,36,899,27,100,107,1665,-200,100,68,950,-95,100,-3,650
20.8284,-10,-200,100,36,898,27,100,109,1665,-200,100,68,950,-95,100,-3,650
20.8375,-10,-200,100,36,898,27,100,112,1665,-200,100,68,950,-95,100,-3,650
20.8474,-10,-200,100,36,898,27,100,115,1665,-200,100,68,950,-95,100,-3,650
20.8563,-10,-200,100,36,899,27,100,115,1665,-200,100,68,950,-95,100,-3,650
20.8655,-5,-200,100,36,898,26,100,116,1665,-200,100,68,950,-95,100,-2,650
20.8743,-10,-200,100,36,899,27,100,118,1665,-200,100,68,950,-95,100,-3,650
20.8833,-5,-200,100,36,899,27,100,119,1665,-200,100,68,950,-95,100,-3,650
20.8934,-5,-200,100,36,899,26,100,120,1665,-200,100,68,950,-95,100,-3,650
20.9022,-5,-200,100,36,898,26,100,120,1665,-200,100,68,950,-95,100,-2,650
20.9114,-5,-200,100,36,899,26,100,120,1665,-200,100,68,950,-95,100,-2,650
20.9203,-5,-200,100,36,898,26,100,120,1665,-200,100,68,950,-95,100,-2,650
20.9296,-5,-200,100,36,899,27,100,120,1665,-200,100,68,950,-95,100,-3,650
20.9383,0,-200,100,36,899,26,100,120,1665,-200,100,68,950,-95,100,-2,650
20.9483,0,-200,100,36,899,26,100,120,1665,-200,100,68,950,-95,100,-3,650
20.9574,0,-200,100,36,899,26,100,119,1665,-200,100,68,950,-95,100,-3,650
20.9673,0,-200,100,36,899,26,100,120,1665,-200,100,68,950,-95,100,-3,650
20.9762,0,-200,100,36,899,26,100,119,1665,-200,100,68,950,-95,100,-3,650
20.9852,0,-200,100,36,899,26,100,119,1665,-200,100,68,950,-95,100,-2,650
20.9942,0,-200,100,36,899,26,100,119,1665,-200,100,68,950,-95,100,-3,650
21.0031,0,-200,100,36,899,26,100,119,1665,-200,100,68,950,-95,100,-3,650
21.0119,0,-200,100,36,899,26,100,118,1665,-200,100,68,950,-95,100,-2,650
21.0212,0,-200,100,36,899,26,100,117,1665,-200,100,68,950,-95,100,-3,650
21.0312,0,-200,100,36,899,26,100,117,1665,-200,100,68,950,-95,100,-3,650
21.0401,0,-200,100,36,900,26,100,116,1665,-200,100,68,950,-95,100,-3,650
21.0491,0,-200,100,36,900,26,100,115,1665,-200,100,68,950,-95,100,-3,650
21.0592,0,-200,100,36,900,26,100,115,1665,-200,100,68,950,-95,100,-3,645
21.0682,0,-200,100,36,900,26,100,115,1665,-200,100,69,950,-95,100,-3,650
21.0772,0,-200,100,36,900,26,100,115,1665,-200,100,68,950,-95,100,-3,650
21.0861,0,-200,100,36,900,27,100,114,1665,-200,100,69,951,-95,100,-2,650
21.0951,0,-200,100,36,900,27,100,114,1665,-200,100,69,950,-95,100,-3,650
21.1039,0,-200,100,36,900,26,100,114,1665,-200,100,68,950,-95,100,-3,650
21.1131,0,-200,100,36,900,26,100,114,1665,-200,100,68,951,-95,100,-3,645
21.1229,0,-200,100,36,900,26,100,114,1665,-200,100,68,950,-95,100,-3,650
21.1321,0,-200,100,36,900,26,100,114,1665,-200,100,68,950,-95,100,-3,650
21.141,0,-200,100,36,900,27,100,114,1665,-200,100,68,951,-95,100,-3,650
21.151,0,-200,100,36,900,26,100,114,1665,-200,100,68,951,-95,100,-2,645
21.16,0,-200,100,36,900,26,100,114,1665,-200,100,68,951,-95,100,-3,650
21.1689,0,-200,100,36,900,26,100,114,1665,-200,100,68,951,-95,100,-3,650
21.1778,0,-200,100,36,900,26,100,114,1665,-200,100,68,951,-95,100,-3,650
21.1869,0,-200,100,36,900,26,100,114,1665,-200,100,68,951,-95,100,-3,650
21.196,0,-200,100,36,900,27,100,114,1665,-200,100,68,951,-95,100,-3,650
21.2059,0,-200,100,36,900,26,100,114,1665,-200,100,68,951,-95,100,-3,650
21.2149,0,-200,100,36,900,26,100,114,1665,-200,100,68,951,-95,100,-3,650
21.224,0,-200,100,36,900,26,100,114,1665,-200,100,68,951,-95,100,-2,650
21.2338,0,-200,100,36,900,26,100,114,1665,-200,100,68,951,-95,100,-3,650
21.2429,0,-200,100,36,900,26,100,114,1665,-200,100,68,951,-95,100,-3,650
21.2519,0,-200,100,36,900,26,100,114,1665,-200,100,68,951,-95,100,-3,645
21.2609,0,-200,100,36,900,26,100,114,1665,-200,100,68,951,-95,100,-3,650
21.2698,0,-200,100,36,900,26,100,114,1665,-200,100,68,951,-95,100,-3,650
21.2787,0,-200,100,36,900,26,100,114,1665,-200,100,68,951,-95,100,-2,650
21.2887,0,-200,100,36,900,26,100,114,1665,-200,100,68,951,-95,100,-2,645
21.2977,0,-200,100,36,900,26,100,114,1665,-200,100,68,951,-95,100,-3,650
21.3067,0,-200,100,36,900,26,100,114,1665,-200,100,68,951,-95,100,-3,650
21.3169,0,-200,100,36,900,26,100,114,1665,-200,100,68,951,-95,100,-3,650
21.3257,0,-200,100,36,900,26,100,114,1665,-200,100,68,951,-95,100,-3,650
21.3347,0,-200,100,36,900,26,100,114,1665,-200,100,68,951,-95,100,-3,650
21.3437,0,-200,100,36,900,26,100,114,1665,-200,100,68,951,-95,100,-3,645
21.3527,0,-200,100,36,900,26,100,114,1665,-200,100,68,951,-95,100,-2,650
21.3626,0,-200,100,36,900,26,100,114,1665,-200,100,68,951,-95,100,-3,650
21.3716,0,-200,100,36,900,26,100,114,1665,-200,100,68,951,-95,100,-3,650
21.3808,0,-200,100,36,900,26,100,114,1665,-200,100,68,951,-95,100,-3,650
21.3897,0,-200,100,36,900,26,100,114,1665,-200,100,68,951,-95,100,-3,650
21.3986,0,-200,100,36,900,26,100,114,1665,-200,100,69,951,-95,100,-3,650
21.4087,0,-200,100,36,900,26,100,114,1665,-200,100,68,951,-95,100,-3,650
21.4177,0,-200,100,36,900,27,100,114,1665,-200,100,68,951,-95,100,-3,650
21.4265,0,-200,100,36,900,26,100,114,1665,-200,100,68,951,-95,100,-3,650
21.4355,0,-200,100,36,900,26,100,114,1665,-200,100,68,951,-95,100,-3,650
21.4457,0,-200,100,36,900,26,100,114,1665,-200,100,68,950,-95,100,-3,650
21.4545,0,-200,100,36,900,26,100,114,1665,-200,100,68,950,-95,100,-2,650
21.4636,0,-200,100,36,900,26,100,114,1665,-200,100,68,951,-95,100,-3,650
21.4725,0,-200,100,36,900,27,100,114,1665,-200,100,68,950,-95,100,-3,650
21.4824,0,-200,100,36,900,26,100,114,1665,-200,100,68,951,-95,100,-3,650
21.4915,0,-200,100,36,900,26,100,112,1665,-200,100,68,950,-95,100,-2,645
21.5006,0,-200,100,36,900,26,100,112,1665,-200,100,68,950,-95,100,-3,650
21.5095,0,-200,100,36,900,26,100,110,1665,-200,100,68,951,-95,100,-3,650
21.5185,0,-200,100,36,900,26,100,108,1665,-200,100,68,951,-95,100,-3,650
21.5285,0,-200,100,36,900,26,100,107,1665,-200,100,68,951,-95,100,-3,645
21.5375,0,-200,100,36,900,26,100,105,1665,-200,100,68,951,-95,100,-3,650
21.5464,0,-200,100,36,900,26,100,101,1665,-200,100,68,950,-95,100,-3,650
21.5564,0,-200,100,36,900,26,100,100,1665,-200,100,68,951,-95,100,-3,650
21.5656,0,-200,100,36,900,26,100,97,1665,-200,100,68,951,-95,100,-3,650
21.5743,0,-200,100,36,900,26,100,95,1665,-200,100,68,951,-95,100,-3,650
21.5833,0,-200,100,36,900,26,100,94,1665,-200,100,68,952,-95,100,-3,650
21.5923,0,-200,100,36,900,26,100,94,1665,-200,100,68,951,-95,100,-2,650
21.6015,0,-200,100,36,900,26,100,94,1665,-200,100,68,952,-95,100,-3,650
21.6113,0,-200,100,36,900,26,100,94,1665,-200,100,68,952,-95,100,-3,650
21.6344,0,-200,100,-135,800,0,100,150,1700,-200,100,-135,800,0,100,150,1700
